Site,LABNR,C14AGE,C14STD,Lat,Lon
O PRAZO,GrA 15984*,5990,50,41.07,-7.24
MOURA- CASA DA,TO 953*,5990,60,39.32,-9.27
MURCIELAGOS- CUEVA DE LOS,CSIC 57,5980,130,37.54,-4.3
AREITA- ORCA DA,Sac 1514,5970,60,41.05,-7.47
AMORERIAS,Q (AM85B2a),5990,75,38.25,-8.37
LOS CANES,TO 11219*,5980,70,43.33,-4.8
CASTELEJO,ICEN 677,5960,60,40.34,-7.17
AMOREIRA,TO 11861*,5970,70,39.1,-8.67
LOS GITANOS- CUEVA DE,AA 29113*,5945,55,43.36,-3.25
CALDEIR√O,OxA 1037*,5970,120,39.65,-8.41
MURCIELAGOS- CUEVA DE LOS,CSIC 56,5960,130,37.54,-4.3
CERRO VIRTUD,Beta 90885,5920,70,37.27,-1.8
MURCIELAGOS- CUEVA DE LOS,CSIC 59,5930,130,37.54,-4.3
LA CAPELLANIA,Ly 4420,5920,130,36.9,-4.18
TOSSAL DE LES BASSES,Beta 232484*,5950,50,38.37,-0.45
MURCIELAGOS- CUEVA DE LOS,I 17775,5900,120,37.54,-4.3
SAO BRAZ,ICEN 746,5890,70,41.26,-8.42
CALDEIR√O,OxA 1036*,5870,80,39.65,-8.41
VIDIGAL,ICEN 1092,5910,100,37.82,-8.77
ASSENTADA- QUINTA DA,Sac 1774,5870,110,40.63,-7.53
PENA D'¡GUA- ABRIGO DA,Wk 9743,5856,114,39.58,-8.55
ALGAR DO PICOTO,Wk 17216*,5904,36,39.52,-8.61
MURCIELAGOS- CUEVA DE LOS,CSIC 1134,5900,38,36.8,-3.19
PEÑA LARGA,I 14909,5830,110,42.62,-2.51
LAVRA 2,UGRA 267,5830,90,41.15,-8.08
CERRO VIRTUD,Beta 118936*,5830,90,37.27,-1.8
CERRO VIRTUD,OxA 6715*,5895,55,37.27,-1.8
LOS CANES,AA 5788*,5865,70,43.33,-4.8
CERRO VIRTUD,Beta 101425*,5860,70,37.27,-1.8
MURCIELAGOS- CUEVA DE LOS,I 17770,5800,120,37.54,-4.3
PICO RAMOS,Ua 3051*,5860,65,43.34,-3.12
CHA DO CARVALHAL 1,UGRA 355,5860,60,41.15,-8.08
TARRER”N,I 4030,5780,120,43.22,-3.44
PENA D'¡GUA- ABRIGO DA,Wk 16148*,5831,40,39.58,-8.55
CUEVA DEL TORO,GrN 15440,5820,90,36.96,-4.54
BURACO DA PALA,GrN 19104,5860,30,41.46,-7.29
AREITA- ORCA DA,Sac 1508,5830,50,41.05,-7.47
HERRIKO BARRA,0,5810,170,43.28,-2.18
ARCAS 3,CSIC 1058,5820,80,41.15,-7.94
MIR”N- CUEVA DEL,GX 25856,5790,90,43.25,-3.45
MONTE AREO 6,GrN 19123,5820,70,43.54,-5.76
CALDEIR√O,TO 350*,5810,70,39.65,-8.41
LOS HUSOS I,Beta 166181,5810,60,42.59,-2.55
NERJA- CUEVA DE,Ua 12467*,5875,80,36.76,-3.84
OUTEIRO DE ANTE 3,Gif 4857,5780,80,41.19,-8.03
ALCALAR 7,Beta 180978*,5810,40,37.2,-8.59
MONTE MANINHO,GrN 15569,5805,40,41.14,-8.03
CUBÕO REDONDO,Beta 106049*,5780,50,43.31,-3.62
EL PORTILLO DEL ARENAL- CUEVA DE,AA 20043*,5743,111,42.39,-3.93
LOS HUSOS II,Beta 221641*,5790,40,42.6,-2.55
MONTE DOS REMEDIOS,Ua 32670*,5780,40,42.27,-8.76
FRAGA D'AIA,Gif 7891,5750,70,41.06,-7.5
ARENAZA 1,OxA 7156*,5755,65,43.26,-3.1
O PRAZO,GrA 16131*,5760,40,41.07,-7.24
CERRO VIRTUD,OxA 6713*,5765,55,37.27,-1.8
MALHADA,Sac 1541,5760,60,40.68,-7.47
PENA D'¡GUA- ABRIGO DA,Wk 9744,5753,52,39.58,-8.55
SANT MARTÕ,Beta 166467,5740,40,38.44,-0.63
HERRIKO BARRA,0,5710,110,43.28,-2.18
FRAGA D'AIA,Gif 8079,5690,70,41.06,-7.5
O PRAZO,Ua 20492*,5735,50,41.07,-7.24
MALHADA,Sac 1453,5710,60,40.68,-7.47
ALCALAR 7,Sac 1794,5690,100,37.2,-8.59
MONTE MANINHO,CSIC 775,5680,80,41.14,-8.03
PEÑA LARGA,Beta 242782*,5720,40,42.62,-2.51
CASTELO BELINHO,Beta 199913,5720,40,37.19,-8.54
AREITA- ORCA DA,CSIC 1327,5699,31,41.05,-7.47
MIR”N- CUEVA DEL,GX 23413*,5690,50,43.25,-3.45
ALCALAR 7,Beta 180981*,5690,40,37.2,-8.59
LA CARIG‹ELA,Pta 9162,5690,30,37.44,-3.43
BURACA GRANDE,Gif 9497,5670,70,40.01,-8.54
CATASOL 2,CSIC 985,5680,35,42.94,-8.41
O PRAZO,Ua 20493*,5640,50,41.07,-7.24
FORNO DOS MOUROS 6,Ua 20009*,5635,50,43.67,-7.74
MURCIELAGOS- CUEVA DE LOS,I 17763,5660,120,37.54,-4.3
RAÑA- CHAN DA,CSIC 1283,5625,45,42.61,-8.71
AREITA- ORCA DA,CSIC 1326,5629,38,41.05,-7.47
LOS HUSOS I,Beta 166179,5630,60,42.59,-2.55
OLHEIRA- MONTE DA,UGRA 287,5630,90,41.2,-8.03
O PRAZO,GrN 26404,5630,25,41.07,-7.24
KOBAEDERRA,UBAR 470,5630,100,43.34,-2.62
SANTIAGO- CASTRO DE,ICEN 906,5630,100,40.65,-7.48
PORTO DOS VALOS,CSIC 1112,5572,32,42.24,-8.6
MIR”N- CUEVA DEL,GX 23414*,5570,50,43.25,-3.45
MURCIELAGOS- CUEVA DE LOS,I 17764,5570,110,37.54,-4.3
MIR”N- CUEVA DEL,GX 30910*,5550,40,43.25,-3.45
O PRAZO,Ua 20491*,5550,50,41.07,-7.24
ARENILLAS- COVACHO DE,GrN-19596,5580,80,42.38,-3.31
LOS HUSOS II,Beta 208853*,5520,40,42.6,-2.55
MIR”N- CUEVA DEL,GX 25855,5520,70,43.25,-3.45
OUTEIRO DE ANTE 3,Gif 4858,5540,90,41.19,-8.03
BOHERIZA 2,Ua 3228*,5500,100,43.18,-3.41
MIR”N- CUEVA DEL,GX 25854,5500,90,43.25,-3.45
CASTELO BELINHO,Beta 199912,5500,40,37.19,-8.54
LOS HUSOS II,Beta 208851*,5490,40,42.6,-2.55
LA CARIG‹ELA,Beta 141049,5470,90,37.44,-3.43
MONTE AREO 5,GrN 22026,5470,90,43.54,-5.76
CATASOL 2,CSIC 984,5470,35,42.94,-8.41
BOLADA,Sac 1575,5519,55,41.42,-8.09
OUTEIRO DE GREGOS 2,KN 2768,5500,70,41.19,-8.04
FORNO DOS MOUROS 5,Ua 20010*,5500,50,43.67,-7.74
HAYAS 1,GrN 21232,5490,120,43.36,-3.4
NACIMIENTO- CUEVA DEL,Gif 5422,5480,120,38.09,-2.7
CARVALHO MAU 1,ICEN 711,5490,50,41.01,-8.32
SANTIAGO- CASTRO DE,CSIC 1076,5490,50,40.65,-7.48
NAMORADOS- LAPA DOS,ICEN 735,5460,110,39.49,-8.57
CHA DO CARVALHAL 1,OxA 1849*,5450,80,41.15,-8.08
KOBAEDERRA,Beta 126686,5460,40,43.34,-2.62
CHA DE PARADA 3 ,ICEN 162,5470,45,41.2,-8.01
PAU 1- ALTO DA PORTELA DO,Sac 1481,5440,70,42.07,-8.1
COTO DOS MOUROS,CAMS 83631*,5540,70,42.72,-7.91
PAU 1- ALTO DA PORTELA DO,CSIC 1003,5440,35,42.07,-8.1
IRUAXPE I,I 13507,5440,110,43.01,-2.47
CHOUSA NOVA 1,Beta 277240,5450,50,42.76,-8.29
SANTIMAMI—E,Beta 240898,5450,50,43.34,-2.64
PAU 2- ALTO DA PORTELA DO,CSIC 1121,5435,44,42.07,-8.1
LA TRECHA,URU 0050,5430,70,42.39,-3.32
CHA DE PARADA 3 ,ICEN 169,5420,40,41.2,-8.01
A GANDARA,CSIC 1264,5412,42,42.16,-8.65
LOS HUSOS II,Beta 161185*,5430,60,42.6,-2.55
MURCIELAGOS- CUEVA DE LOS,CSIC 246,5400,80,36.8,-3.19
LOS CASTILLEJOS,Ua 36211*,5400,45,37.33,-3.97
OTSAARTE,0,5400,50,42.94,-2.26
IRUAXPE I,I 13440,5390,110,43.01,-2.47
ENCOSTA DE SANT' ANA,Sac 1893,5420,25,38.72,-9.14
ESCURROS 1- MONTE DOS,Ua 22222*,5390,50,42.73,-8.34
LA CABA—A 2,Ua 3231*,5405,65,43.2,-3.41
CADAVAL,ICEN 803,5390,50,39.65,-8.41
MONTE DOS REMEDIOS,Ua 33141*,5385,50,42.27,-8.76
MONTE AREO 12,UtC 7318*,5404,41,43- 53,-5.78
OLHEIRA- MONTE DA,GrN 15331,5400,40,41.2,-8.03
LAGAR DE MELIDES 1,TO 2091*,5340,70,38.18,-8.73
MURCIELAGOS- CUEVA DE LOS,I 17762,5380,110,37.54,-4.3
CUEVA DEL TORO,GrN 15445,5380,45,36.96,-4.54
PAU 3- ALTO DA PORTELA DO,CSIC 1124,5368,36,42.07,-8.1
PICO RAMOS,Beta 181689,5370,40,43.34,-3.12
MONTE AREO 12,UtC 7219*,5368,42,43.53,-5.78
MONTE AREO 12,UtC 7217*,5368,44,43.53,-5.78
CUEVA DE LAS PALOMAS,UGRA 161,5370,100,36.98,-4.88
RAÑA- CHAN DA,CSIC 1284,5362,49,42.61,-8.71
PAU 1- ALTO DA PORTELA DO,Sac 1480,5360,50,42.07,-8.1
LAMEIRA DE CIMA 2,OxA 5102*,5360,55,40.94,-7.35
TESORILLO DE LA LLANA,CSIC 1263,5356,49,36.71,-4.86
KOBAEDERRA,AA 29110*,5375,90,43.34,-2.62
PAU 1- ALTO DA PORTELA DO,Sac 1486,5350,60,42.07,-8.1
ANTELAS,OxA 5496*,5330,60,40.71,-8.24
MONTE AREO 5,GrN 22027,5330,50,43.54,-5.76
SOLA,ICEN 1006,5320,60,41.58,-8.42
VETÕN 4,CSIC 1108,5320,40,42.58,-8.97
ILLADE,GrN 19208,5305,50,43.47,-7.88
LOS HUSOS II,Beta 208852,5300,40,42.6,-2.55
LOS HUSOS II,Beta 161184*,5300,40,42.6,-2.55
SAO LOUREN«O,ICEN 786,5290,50,41.72,-7.42
CABRAS,ICEN 1265,5290,50,41.2,-8.05
MIR”N- CUEVA DEL,GX 24461*,5280,40,43.25,-3.45
MADORRAS 1,CSIC 1030,5280,40,41.3,-7.61
MONTE DOS REMEDIOS,Ua 33142*,5285,50,42.27,-8.76
MONTE AREO 12,UtC 7220*,5284,42,43.53,-5.78
LOS HUSOS II,Beta 208850*,5280,40,42.6,-2.55
LAVRA 2,ICEN 75,5280,45,41.15,-8.08
PAU 2- ALTO DA PORTELA DO,CSIC 1363,5243,41,42.07,-8.1
MARXOS- MONTE DOS,CAMS 77924*,5330,80,42.72,-7.91
ALBERITE 1,Beta 80602,5320,90,36.82,-5.64
PAU 3- ALTO DA PORTELA DO,CSIC 1123,5274,29,42.07,-8.1
MONTE AREO 12,CSIC 1379,5261,31,43.53,-5.78
MARIZULO,Ua 4818*,5315,100,43.22,-1.97
PAU 3- ALTO DA PORTELA DO,CSIC 1122,5253,28,42.07,-8.1
ANTELAS,OxA 5497*,5295,60,40.71,-8.24
PEÑA OVIEDO,GrN 18782,5195,25,42.14,-4.74
OLHEIRA- MONTE DA,GrN 15330,5195,25,41.2,-8.03
MARIZULO,GrN 5992,5285,65,43.22,-1.97
IGARTZA W,I 18214,5270,100,42.93,-2.18
MENINAS DO CRASTO 2,CSIC 656,5260,50,41.2,-8.02
MENINAS DO CRASTO 2,CSIC 657,5260,50,41.2,-8.02
MENINAS DO CRASTO 2,CSIC 658,5260,50,41.2,-8.02
FURNAS 2,CSIC 775,5270,70,41.2,0.02
PAU 10- ALTO DA PORTELA DO,Sac 1490,5259,70,42.07,-8.1
PAU 1- ALTO DA PORTELA DO,Sac 1479,5240,45,42.07,-8.1
CUEVA DEL TORO,GrN 15436,5250,60,36.96,-4.54
MONTE AREO 5,UtC 9320,5239,43,43.54,-5.76
ILLADE,GrN 19210,5240,60,43.47,-7.88
FURNAS 1,CSIC 777,5250,70,41.21,-8.02
SIERRA PLANA DE LA BORBOLLA,OxA 6914*,5230,50,43.39,-4.61
CHA DE PARADA 3 ,ICEN 891,5240,70,41.2,-8.01
CUEVA DEL TORO,Beta 174306,5240,70,36.96,-4.54
CRUZ 1- CHAN DA,CSIC 642,5210,50,42.38,-8.65
CABRAS,ICEN 1266,5220,60,41.2,-8.05
CABRAS,ICEN 1267,5220,60,41.2,-8.05
FUENTE HOZ,I 11588,5240,110,42.81,-2.91
CUEVA DE LAS PALOMAS,UGRA 162,5240,110,36.98,-4.88
KOBAEDERRA,UBAR 472,5200,110,43.34,-2.62
CHA DE PARADA 3 ,ICEN 890,5240,90,41.2,-8.01
COTOGRANDE 1,GrN 17698,5230,80,42.22,-8.64
OUTEIRO DE GREGOS 3,KN 2766,5230,75,41.18,-8.04
CASTELO DE MATOS 3,ICEN 303,5210,40,41.17,-7.98
CUEVA DEL TORO,GrN 15437,5200,60,36.96,-4.54
CUEVA DEL TORO,GrN 15439,5205,40,36.96,-4.54
OUTEIRO DE GREGOS 3,KN 2765,5200,65,41.18,-8.04
BOHERIZA 3,Ua 3229*,5200,75,43.18,-3.41
KATILLOTXU 5,Beta 259128,5200,40,43.4,-2.72
FRAGA D'AIA,Gif 8090,5190,60,41.06,-7.5
DEVESA DO REI,Ua 20011*,5190,55,42.78,-8.47
PAU 3- ALTO DA PORTELA DO,CSIC 1361,5177,30,42.07,-8.1
MONTE AREO 12,CSIC 1378,5176,30,43.53,-5.78
TOSSAL DE LES BASSES,Beta 225218*,5080,40,38.37,-0.45
LUMENTXA,Ua 12662*,5180,70,43.36,-2.5
AREITA- ORCA DA,GrA 18518*,5170,60,41.05,-7.47
LARRENKE NORTE,0,5210,100,42.68,-2.8
PICOTO DO VASCO,CSIC 1221,5160,42,40.9,-7.81
NERJA- CUEVA DE,UGRA 255,5190,90,36.76,-3.84
VALE DE RODRIGO,0,5175,70,38.52,-8.06
LARRENKE NORTE,0,5180,100,42.68,-2.8
BURACO DA PALA,ICEN 596,5170,70,41.46,-7.29
PICOTO DO VASCO,GrN 22443,5140,40,40.9,-7.81
LOS GITANOS- CUEVA DE,UBAR 521,5150,100,43.36,-3.25
CAMPURRAS / CEREIXO- CHAN DO,Beta 220080,5140,80,42.07,-8.77
MINA DO SIM√O,CSIC 717,5130,90,41.2,-8.03
LUGAR DO CANTO,Sac 1715,5120,80,39.47,-8.87
CAMPURRAS / CEREIXO- CHAN DO,Beta 220082,5160,60,42.07,-8.77
CADAVAL,ICEN 464,5160,50,39.65,-8.41
LLAGUNA DE NI…VARES D,GrN 16647,5135,40,43.49,-5.45
COSTA DO PEREIRO,Wk 13682 ,5133,45,39.58,-8.55
COTERO DE LA MINA,AA 45916*,5133,55,43.35,-4.4
ANTELAS,GrA 5417*,5120,50,40.71,-8.24
LLAGUNA DE NI…VARES A,GrN 18283,5140,60,43.49,-5.45
OTSAARTE,0,5120,75,42.94,-2.26
CORTIJO DEL PUERTO,UGRA 327,5160,110,37.56,-3.89
CARAPITO 1,OxA 3733*,5125,70,40.75,-7.47
FUENTE HOZ,I 11589,5160,110,42.81,-2.91
LLAGUNA DE NI…VARES D,GrN 16648,5110,60,43.49,-5.45
LOS LLANOS,I 15168,5190,140,42.59,-2.53
PICOTO DO VASCO,GrN 22817,5100,60,40.9,-7.81
SENHORA DO MONTE,ICEN 1200,5100,70,41.02,-7.44
LUMENTXA,Ua 12663*,5095,75,43.36,-2.5
BUGALHEIRA- Sala Ricadro,ICEN 739,5090,60,39.5,-8.62
MOURA- CASA DA,TO 2093*,5070,70,39.32,-9.27
ANTELAS,OxA 5498*,5070,65,40.71,-8.24
LLAGUNA DE NI…VARES A,GrN 18282,5175,25,43.49,-5.45
SENHORA DO MONTE,GrN 20791,5130,40,41.02,-7.44
MINA DO SIM√O,CSIC 716,5050,70,41.2,-8.03
MARROQUIES BAJOS,Ua 34552*,5135,155,37.78,-3.79
CHA DE PARADA 3 ,Gif 8289,5070,100,41.2,-8.01
PAU 2- ALTO DA PORTELA DO,CSIC 1120,5131,28,42.07,-8.1
MONTE AREO 12,CSIC 1380,5133,30,43.53,-5.78
PICOTO DO VASCO,CSIC 1328,5124,30,40.9,-7.81
MADORRA DA GRANXA,CSIC 1376,5106,30,43.14,-7.52
SAN CRISTOBAL,0,5100,30,42.6,-2.62
CARAPITO 1,TO 3336*,5120,40,40.75,-7.47
MONTE AREO 15,GrN 19724,5040,70,43.53,-5.78
CASTELO 1- MAMOA DO,CSIC 1818,5112,36,41.48,-7.4
TOSSAL DE LES BASSES,Beta 225224*,5010,40,38.37,-0.45
NERJA- CUEVA DE,GrN 5526,5065,40,36.762041N,-3.84
PAU 2- ALTO DA PORTELA DO,CSIC 1119,5087,31,42.07,-8.1
MONTE DEVA 5,Beta 165948,5070,50,43.49,-5.59
CASTENAIRAS / CASTONAIRAS,GrN 4924,5060,50,40.83,-7.76
SENHORA DO MONTE,GrN 21304,5060,50,41.02,-7.44
LA XORENGA 1,CSIC 1381,5080,30,43.1,-6.92
SANTIMAMI—E,CSIC 614,5060,50,43.34,-2.64
MORENTE- CERRO,UGRA 436,5060,50,37.32,-2.92
ROMEA- MONTE DA,Ua 20005*,5055,50,42.65,-8.14
SEIXAS- ORCA DE,GrN 26226,5045,25,40.95,-7.68
LA XORENGA 1,CSIC 1382,5059,30,43.1,-6.92
ORQUINHA DOS JUNCAIS,GrA 17163*,5020,60,40.82,-7.73
BURACA GRANDE,Gif 9941,5030,20,40.01,-8.54
CHA DE PARADA 3 ,GrN 17433,5055,40,41.2,-8.01
CAMPO DE HOCKEY,CNA 360,5020,50,38.45,-6.21
SANTIMAMI—E,Beta 240897,5010,50,43.34,-2.64
MONTE DOS REMEDIOS,Ua 32667*,5015,40,42.27,-8.76
PEÑA LARGA,0,5010,40,42.62,-2.51
CHA DE PARADA 1,CSIC 979,5010,35,41.2,-8.01
PAU 2- ALTO DA PORTELA DO,CSIC 1362,5003,34,42.07,-8.1
LAMEIRA DE CIMA 2,CSIC 1114,4999,29,40.94,-7.35
CHA DE SANTINHOS 1,Gif 6783,4980,50,41.18,-8.07
MONTE DOS REMEDIOS,Ua 32666*,5000,40,42.27,-8.76
SENHORA DO MONTE,ICEN 1201,4990,50,41.02,-7.44
VALE DE RODRIGO 3,KIA 31381*,4996,29,38.52,-8.05
ALGAR DO BOM SANTO,Wk 27996*,4993,30,39.04,-9.02
LAMEIRA DE CIMA 2,GrN 21353,4990,40,40.94,-7.35
MEROUCOS- ORCA DE,GrA 14767*,4990,40,40.92,-7.72
CASTELO VELHO,ICEN 882,4890,100,41.07,-7.19
PICOTO DO VASCO,CSIC 1199,4988,31,40.9,-7.81
MEROUCOS- ORCA DE,GrA 14768*,4980,40,40.92,-7.72
SAN CRISTOBAL,0,4980,30,42.6,-2.62
CHABOLA DE LA HECHICERA,Beta 307796,4980,30,42.57,-2.55
SEIXAS- ORCA DE,GrN 26225,4970,25,40.95,-7.68
MEROUCOS- ORCA DE,GrA 14765*,4960,40,40.92,-7.72
OUTEIRO DE GREGOS 2,CSIC 774,5030,70,41.19,-8.04
ALBERITE 1,Beta 80598,5020,70,36.82,-5.64
PONTE DA PEDRA,GrN 19217,5020,70,43.46,-7.86
MOURA- CASA DA,TO 2094*,5020,70,39.32,-9.27
ALGAR DO BOM SANTO,Wk 27988*,4960,31,39.04,-9.02
LAMEIRA DE CIMA 2,CSIC 1113,4961,27,40.94,-7.35
PEDRA CUBERTA,CAMS 77923*,5010,60,43.09,-8.98
ALGAR DO BOM SANTO,Wk 25161*,4960,30,39.04,-9.02
MINA DO SIM√O,CSIC 715,5010,70,41.2,-8.03
ALGAR DO BOM SANTO,Wk 27984*,4949,32,39.04,-9.02
SEIXAS- ORCA DE,CSIC 1665,4939,34,40.95,-7.68
CHABOLA DE LA HECHICERA,Beta 307795,4940,30,42.57,-2.55
PEDRA MOURA,CAMS 77761*,4980,70,43.08,-8.98
ALGAR DO BOM SANTO,Wk 27986*,4929,30,39.04,-9.02
CHA DE PARADA 1,ICEN 781,4980,50,41.2,-8.01
ALAGOA,Ua 19526*,4975,50,41.47,-7.4
CHA DE PARADA 1,CSIC 822,4970,50,41.2,-8.01
PADROES- ORCA DOS,OxA 4484*,4960,65,40.55,-7.67
EKAIN,Ua 36855*,4960,60,43.24,-2.28
MANDUBI-ZELAIA,GrA 16945*,4950,45,43.09,-2.25
OUTEIRO DE GREGOS 2,CSIC 547,4950,50,41.19,-8.04
RIA DE GUERNICA,Beta 218475*,4940,40,43.32,-2.68
MENGA,Ua 24582*,4935,40,37.02,-4.55
CHA DE PARADA 1,ICEN 780,4930,50,41.2,-8.01
CHA DE SANTINHOS 2,Gif 6785,4930,50,41.18,-8.07
CHA DE SANTINHOS 2,Gif 6784,4990,50,41.18,-8.07
SAN CRISTOBAL,0,4930,40,42.6,-2.62
AS CRUCES/REBORICA,Utc 4002*,4927,48,43.19,-7.97
LOS HUSOS II,Beta 208849*,4930,40,42.6,-2.55
CHA DE PARADA 1,CSIC 953,4920,40,41.2,-8.01
CHA DE PARADA 1,CSIC 823,4910,50,41.2,-8.01
MEROUCOS- ORCA DE,GrA 14770*,4910,40,40.92,-7.72
SEIXAS- ORCA DE,GrN 5734,4900,40,40.95,-7.68
DOMBATE,CAMS 101903*,4900,40,43.19,-8.97
LAMEIRA DE CIMA 1,OxA 4084*,4990,80,40.94,-7.35
SEIXAS- ORCA DE,CSIC 1664,4929,34,40.95,-7.68
DOMBATE,CAMS 101904*,4890,40,43.19,-8.97
KOBAEDERRA,0,4965,70,43.34,-2.62
BARROCAL ALTO,CSIC 726,4960,75,41.27,-6.55
MENINAS DO CRASTO 3,CSIC 776,4960,70,41.2,-8.02
HIRUMUGARRIETA 2,Ua 3128*,4950,85,43.27,-2.89
COTOGRANDE 1,GrN 18420,4940,80,42.22,-8.64
HERRIKO BARRA,I 15349,4920,100,43.28,-2.18
CEREIXO- CHAN DO,Beta 220081,4890,100,42.07,-8.77
DOMBATE,UtC 3203,4950,70,43.19,-8.97
CALDEIRAO,TO 349*,4940,70,39.65,-8.41
DOMBATE,CSIC 890,4930,70,43.19,-8.97
EL PALOMAR,Beta 75067,4930,70,37.16,-5.72
MIR”N- CUEVA DEL,GX 28211,4910,80,43.25,-3.45
PICOTO DO VASCO,OxA 6910*,4930,60,40.9,-7.81
BARREIRO,CSIC 759,4930,60,41.21,-8.04
MARXOS- MONTE DOS,CAMS 77925*,4920,60,42.72,-7.91
DOMBATE,CSIC 891,4910,60,43.19,-8.97
LOS HUSOS II,Beta 208848*,4910,60,42.6,-2.55
VALE DE RODRIGO 2,Ua 10830*,4905,70,38.52,-8.05
FORNO DOS MOUROS,CAMS 80501*,4900,60,43.01,-7.97
MORCIGUEIRA,GrN 16645,4880,80,43,-7.99
HIRUMUGARRIETA 2,Ua 3126*,4865,90,43.27,-2.89
PE—A LARGA,Beta 242781*,4890,50,42.62,-2.51
ALGAR DO BOM SANTO,Wk 27985*,4887,30,39.04,-9.02
CHA DE PARADA 1,ICEN 407,4880,50,41.2,-8.01
RIA DE GUERNICA,Beta 218471*,4850,60,43.32,-2.68
AREITA- ORCA DA,GrA 18497*,4840,60,41.05,-7.39
COTOGRANDE 2,GrN 19734,4875,40,42.22,-8.64
PORTO COVO,Beta 245134,4870,40,38.75,-9.42
MENGA,Ua 24583*,4865,40,37.02,-4.55
MENGA,Ua 36216,4760,30,37.02,-4.55
LAPA DO BUGIO,GrN  5628,4850,45,38.43,-9.18
CARAPITO 1,GrN 5110,4850,40,40.75,-7.47
MONTE AREO 15,GrN 22025,4850,40,43.53,-5.78
AS CRUCES/REBORICA,UtC 4004*,4835,45,43.19,-7.97
ALTO DO CASTELO,ICEN 118,4820,50,39.24,-8.59
IRITEGI,I 18631,4860,100,42.98,-2.41
DORINA- MONTE DE,CSIC 1037,4820,50,42.67,-8.81
ALGAR DO BOM SANTO,OxA 5513*,4860,100,39.04,-9.02
BURACA GRANDE,Sac 1460,4790,60,40.01,-8.54
MADORRAS 1,GrN 21066,4790,60,41.3,-7.61
ALAGOA,CSIC 1812,4834,34,41.47,-7.4
CHA DE PARADA 1,CSIC 954,4820,40,41.2,-8.01
PE—A OVIEDO,GrN 19048,4820,40,42.14,-4.74
TOSSAL DE LES BASSES,Beta 225217*,4800,50,38.37,-0.45
PICOTO DO VASCO,OxA 6959*,4790,55,40.9,-7.81
FRADE- MONTE DO,ICEN 968,4780,60,40.14,-7.14
DOMBATE,UtC 3200,4780,60,43.19,-8.97
OUTEIRO DE GREGOS 5,CSIC 659,4780,50,41.18,-8.04
ALGAR DO BOM SANTO,Beta 120048*,4780,50,39.04,-9.02
MOURA- CASA DA,TO 2092*,4850,100,39.32,-9.27
ALGAR DO BOM SANTO,Wk 27992*,4810,35,39.04,-9.02
SAN MARTÕN,Beta 273269*,4800,40,42.56,-2.59
SALEMAS,Beta 233282,4800,40,38.88,-9.2
PORTO COVO,Beta 245136,4790,40,38.75,-9.42
CUEVA DEL TORO,Beta 174307,4800,80,36.96,-4.54
OUTEIRO DE ANTE 3,Gif 4856,4800,80,41.19,-8.03
CABECEIRA 4,Beta 196094,4780,40,38.93,-8.18
CARRASCAL,Beta 228577,4770,40,38.77,-9.29
KATILLOTXU 1,Beta 259125*,4760,40,43.4,-2.72
CABECEIRA 4,Wk 17084,4759,41,38.93,-8.18
CHEIRA 10- CHÃO DE ,ICEN 1268,4750,50,41.63,-8.44
ERAS DEL ALCAZAR,Beta 229721*,4780,80,38.01,-3.37
ATXOSTE,GrA 6846*,4730,50,42.76,-2.48
LA COROLLA,CSIC 1301,4759,30,43.45,-5.49
ALGAR DO BOM SANTO,Wk 27994*,4756,30,39.04,-9.02
ALGAR DO BOM SANTO,Wk 27995*,4739,35,39.04,-9.02
ALGAR DO BOM SANTO,Wk 27987*,4744,30,39.04,-9.02
ALGAR DO BOM SANTO,Wk 27993*,4745,30,39.04,-9.02
O PRAZO,CSIC 1515,4703,43,41.07,-7.24
ALGAR DO BOM SANTO,Wk 27989*,4732,31,39.04,-9.02
FETEIRA,Sac 1563,4760,80,39.28,-9.27
MONTE DOS REMEDIOS,Ua 32669*,4725,40,42.27,-8.76
MOINHOS DE VENTO 1,ICEN 196,4720,40,40.24,-8.04
SÃO PEDRO DE ESTORIL 1,Beta 188390,4720,40,38.71,-9.37
MOURA- COVA DA,UBAR 539,4715,50,39.09,-9.24
MUI—OS- ANTA DOS,Ua 33808*,4710,40,42.75,-8.01
ALGAR DO BOM SANTO,Wk 27991*,4671,30,39.04,-9.02
POUSADA- PARCELA DE A,CSIC 1858,4669,34,42.84,-8.53
PALA DA VELLA,GrN 19395,4790,120,42.49,-6.84
LOS HUSOS I,I 5949,4730,100,42.59,-2.55
OLELAS,ICEN 878,4730,60,38.45,-9.15
AGUIAR- CASTELO DE,UGRA 179,4700,100,41.47,-7.64
MINA DA CARRASCA,UGRA ???,4700,100,40.38,-7.1
FRAGA D'AIA,Gif 8089,4710,80,41.06,-7.5
ALGAR DO BOM SANTO,OxA 5511*,4705,65,39.04,-9.02
ARRUDA- CABEÇO DE,Sac 1613,4700,80,39.06,-9.29
LOS HUSOS II,0,4670,40,42.6,-2.55
CHABOLA DE LA HECHICERA,Beta 288935,4670,40,42.57,-2.55
PORTO COVO,Beta 244819,4660,40,38.75,-9.42
AS PONTES,CSIC 1533,4656,41,43.36,-7.49
CHABOLA DE LA HECHICERA,Beta 288938,4650,40,42.57,-2.55
PORTO COVO,Beta 245133,4650,40,38.75,-9.42
AREIA- CABEÇO DA,Beta 196091,4650,40,38.78,-8.36
MIR”N- CUEVA DEL,GX 22131*,4680,60,43.25,-3.45
LOS HUSOS II,Beta 208847,4670,50,42.6,-2.55
SOBREIRA DE CIMA 3,Beta 231071*,4670,50,37.75,-7.82
MOCISSOS,KIA 30550*,4620,29,38.35,-8.06
CARRASCAL,Beta 225167,4640,40,38.77,-9.29
CADAVAL,Beta 189995*,4640,40,39.65,-8.41
RABUJE 5,Beta 191133,4650,50,39.09,-7.42
FLORIDABLANCA- CALLE,KIK 997/ UtC 7938*,4620,35,37.68,-1.7
MONTE DO CASTELO,ICEN 738,4630,45,38.72,-9.28
ESCOURAL- GRUTA DO,ICEN 861,4680,80,38.6,-8.24
PAPA UVAS,CSIC 1880,4613,33,37.27,-7.04
CHA DE PARADA 1,ICEN 173,4610,45,41.2,-8.01
COTOBASERO 2,I 16442,4690,90,43.18,-3.41
MARROQUIES BAJOS,Ua 34551*,4595,40,37.78,-3.79
ALGAR DO BARRAO,ICEN 740,4660,70,39.47,-8.72
VALENCINA DE LA CONCEPCION,UNK 1,4680,100,37.42,-6.08
ANTELAS,OxA 5433*,4655,60,40.71,-8.24
LECEIA,ICEN 1160,4630,60,38.73,-9.28
ALGAR DO BOM SANTO,OxA 5512*,4630,60,39.04,-9.02
CHA DE PARADA 1,Gif 7873,4635,100,41.2,-8.01
LA RASA 2,AA 29643*,4620,50,43.4,-3.91
CASTENAIRAS / CASTONAIRAS,GrN 4925,4610,50,40.83,-7.76
ORQUINHA DOS JUNCAIS,GrA 17167*,4620,60,40.82,-7.73
PEDRA BRANCA,ICEN 1040,4620,60,38.15,-8.67
PEDRAS GRANDES,Beta 205946,4590,40,38.81,-9.22
AMEAL VI,ICEN 908,4590,45,40.44,-7.95
CASTENAIRAS / CASTONAIRAS,OxA 7433*,4590,55,40.83,-7.76
MARMOTA 2,OxA 5535*,4600,55,39.43,-8.67
LAPA DA FURADA ,ICEN 1276,4610,60,38.43,-9.18
ESCOURAL- GRUTA DO,Lv 1923,4610,60,38.6,-8.24
MANDUBI-ZELAIA,0,4585,40,43.09,-2.25
LARRARTE,GrA 20304*,4590,50,43.28,-2.37
PORTO COVO,Beta 244818,4580,40,38.75,-9.42
SAN BLAS,Beta 178655,4570,40,38.55,-7.29
SAN JUAN ANTE PORTAM LATINAM,GrN 21772,4570,40,42.55,-2.56
ESTRADA DE ANSIAO,Sac 1559,4640,90,39.92,-8.44
MINA DAS AZENHAS,,4590,30,37.94,-7.62
GRUTA DOS OSSOS,ICEN 465,4630,80,39.66,-8.42
LARRENKE NORTE,I 14787,4600,100,42.68,-2.8
MOURA- CASA DA,OxA 5506*,4600,90,39.32,-9.27
LARRENKE NORTE,0,4590,100,42.68,-2.8
ALMENDRILLOS- CUESTA DE LOS,GrN 25302,4550,20,36.7,-4.84
ORCA DA PENELA 1,GrN 23064,4590,60,40.51,-8.02
CARAPITO 1,Hv 1783,4590,65,40.75,-7.47
CASTELO 1- MAMOA DO,Ua 19121*,4560,65,41.48,-7.4
MANDUBI-ZELAIA,GrN 26174,4560,50,43.09,-2.25
ABOGALHEIRA 1,KN 2955,4590,85,41.19,-8.04
FORNO DA TELHA,ICEN 734,4570,60,39.34,-8.97
MARIZULO,Ua 10374*,4585,80,43.22,-1.97
FETEIRA,TO 353*,4570,70,39.28,-9.27
COVA DAS LAPAS  / RIBEIRO DO PEDREIRO,ICEN 463,4550,60,39.61,-8.96
PRAIA DO FORTE NOVO,Sac 1637,4570,90,37.06,-8.09
IGREJA VELHA DE S√O JORGE,OxA 5443*,4540,60,37.95,-7.3
MADORRAS 1,OxA 5199*,4540,65,41.3,-7.61
PENA LARGA,0,4550,40,42.62,-2.51
KANPANOSTE GOIKOA,GrA 9790*,4550,40,42.76,-2.48
TERRERA VENTURA,KN 1795,4540,75,37.05,-2.4
CASTRO MARIM,OxA 5441*,4525,60,37.22,-7.45
LARRENKE NORTE,0,4540,100,42.68,-2.8
MONTE DA TUMBA,UGRA 172,4540,90,38.28,-8.23
JUROMENHA 1,Beta 169263,4540,100,38.74,-7.23
LECEIA,ICEN 316,4520,70,38.73,-9.28
JUROMENHA 1,Wk 18488,4547,35,38.74,-7.23
LECEIA,ICEN 312,4530,100,38.73,-9.28
SAN JUAN ANTE PORTAM LATINAM,Ua 10355,4520,75,42.55,-2.56
SAN JUAN ANTE PORTAM LATINAM,GrA 5428*,4520,50,42.55,-2.56
BURACO DA MOURA DE SÃO ROMÃO,ICEN 1259,4530,100,40.4,-7.68
ETXEGARATE,0,4540,40,42.95,-2.23
JUROMENHA 1,Wk 18467,4538,42,38.74,-7.23
LIBRILLA- RAMBLA DE,SUA 2037,4520,90,37.87,-1.33
PERDIGOES,Beta 330092,4530,40,38.44,-7.55
PEDRAS GRANDES,Beta 234136,4530,40,38.8,-8.67
SALA 1,ICEN 445,4490,80,38.11,-7.64
SOBREIRA DE CIMA 4,Sac 2256,4520,35,37.75,-7.82
ALTO DE LA HUESERA,Beta 301219,4520,30,42.57,-2.57
BURACA GRANDE,Gif 9942,4530,20,40.01,-8.54
AMEAL VI,ICEN 909,4545,45,40.44,-7.95
CASTENAIRAS / CASTONAIRAS,GrA 9307*,4540,50,40.83,-7.76
SOBREIRA DE CIMA 1,Sac 2260,4530,50,37.75,-7.82
SAN JUAN ANTE PORTAM LATINAM 5,0,4520,50,42.55,-2.56
ROMEA- MONTE DA,Ua 20004*,4520,50,42.65,-8.14
REGO DA MURTA 1,Beta 190001*,4520,40,39.77,-8.37
POÇO VELHO,Beta 244394,4520,40,38.7,-9.42
SAN JUAN ANTE PORTAM LATINAM,GrN 21770,4510,40,42.55,-2.56
PAPA UVAS,CSIC 1881,4503,35,37.27,-7.04
ESCOURAL- GRUTA DO,Lv 1922,4500,60,38.6,-8.24
CASTENAIRAS / CASTONAIRAS,OxA 7432*,4510,45,40.83,-7.76
LOS VILLARES DE ALGANE,GrN 27023,4510,50,36.69,-4.79
POÇO VELHO,Beta 245138,4500,40,38.7,-9.42
TERRERA VENTURA,KN 1794,4490,60,37.05,-2.4
REGO DA MURTA 1,Beta 189998*,4490,60,39.77,-8.37
SOBREIRA DE CIMA 1 ,Sac 2261,4500,70,37.75,-7.82
ERAS DEL ALCAZAR,Ua 26017,4495,40,38.01,-3.37
PAPA UVAS,CSIC 812,4480,70,37.27,-7.04
ALQUEVES,ICEN 64,4490,50,40.2,-8.45
VALDAVARA,Beta 235727*,4490,40,42.84,-7.14
VALE DE LOBOS,Beta 220075,4490,40,38.79,-9.28
CARMONA,UNK 1,4480,50,37.47,-6.04
SAN CRISTOBAL,0,4470,70,42.6,-2.62
PAPA UVAS,CSIC 811,4470,70,37.27,-7.04
PRAALATA,0,4470,70,42.96,-2.21
SAO BRAS I,ICEN 43,4480,60,37.9,-7.62
ROCHE FORTE 2,TO 357*,4480,60,39.18,-9.09
ALMEIDA- COV√O D' / EIRA PEDRINHA,Beta 134363*,4480,60,40.12,-8.49
ERAS DEL ALCAZAR,Ua 229720*,4470,70,38.01,-3.37
SENHORA DA OUVIDA,CSIC 1247,4475,46,40.95,-7.9
SAN JUAN ANTE PORTAM LATINAM,Ua 10356*,4460,70,42.55,-2.56
ESCOURAL- GRUTA DO,Lv 1924,4460,70,38.6,-8.24
CARRASCA,UBAR 537,4460,70,39.09,-9.21
CASTENAIRAS / CASTONAIRAS,OxA 7434*,4470,45,40.83,-7.76
MOCISSOS,KIA 31370*,4509,29,38.35,-8.06
MANDUBI-ZELAIA,0,4460,50,43.09,-2.25
DOMBATE,CSIC 893,4450,70,43.19,-8.97
EL PRADO,Beta 327660,4500,30,38.62,-1.32
VIERA,Beta 353820,4090,30,37.02,-4.55
VIERA,Beta 353822,3580,30,37.02,-4.55
PONTA DA PASSADEIRA,Beta 160055,4450,50,38.68,-9.04
MOCISSOS,KIA 30549*,4485,25,38.35,-8.06
DOMBATE,CSIC 942,4480,25,43.19,-8.97
MONTE CANELAS 1,OxA 5514*,4420,60,37.15,-8.15
ESCOURAL- GRUTA DO,Lv 1925,4420,60,38.6,-8.24
ERAS DEL ALCAZAR,Beta 229719*,4420,60,38.01,-3.37
LIBRILLA- RAMBLA DE,SUA 2040,4500,100,37.87,-1.33
SALA 1,ICEN 444,4490,100,38.11,-7.64
BURACA DOS MOUROS,ETH 4498*,4450,85,39.34,-8.89
PALA DA VELLA,GrA 1021,4500,35,42.49,-6.84
KURTZEBIDE,I 10828,4445,95,42.94,-2.75
PARAJE DE MONTE BAJO,Beta 233951*,4480,40,36.39,-5.73
MEROUCOS- ORCA DE,GrA 13687*,4480,40,40.92,-7.72
LOS CASTILLEJOS,Beta 135665*,4480,40,37.33,-3.97
HORTA,Beta 194313,4480,40,39.23,-7.68
CHABOLA DE LA HECHICERA,Beta 288934,4480,40,42.57,-2.55
DOMBATE,CSIC 964,4470,30,43.19,-8.97
PENA LARGA,0,4470,40,42.62,-2.51
SOBREIRA DE CIMA,Beta 233283,4470,40,37.75,-7.82
LOS MILLARES- POBLADO,Beta 124524,4420,70,36.97,-2.52
CERCA DO ZAMBUJAL,TO 2090*,4420,70,38.18,-8.73
ARRUDA- CABEÇO DE,Sac 1784,4460,45,39.06,-9.29
CARRIL DE CALDEROS,KIK 2749/KIA 20890*,4455,43,37.68,-1.69
PARAJE DE MONTE BAJO,Beta 233952*,4450,40,36.39,-5.73
DOMBATE,CSIC 940,4450,25,43.19,-8.97
JUROMENHA 1,Beta 169264,4450,40,38.74,-7.23
TRIGACHE 4,Beta 228583,4450,40,38.82,-9.21
TOURÃO DA RAMILA,Beta 137944,4450,40,41.08,-7.21
ZAMBUJAL,KIA 27565,4445,31,39.07,-9.29
CHABOLA DE LA HECHICERA,Beta 288937,4440,40,42.57,-2.55
SAN JUAN ANTE PORTAM LATINAM,GrN 21771,4440,40,42.55,-2.56
CASTENAIRAS / CASTONAIRAS,GrA 9308*,4440,50,40.83,-7.76
LECEIA,ICEN 1161,4440,50,38.73,-9.28
O PRAZO,GrA 19081*,4440,50,41.07,-7.24
SAN BLAS,Beta 169546,4420,40,38.55,-7.29
GRUTA DOS OSSOS,Beta 189996*,4430,40,39.66,-8.42
CHABOLA DE LA HECHICERA,Beta 288939,4430,40,42.57,-2.55
PERDIGOES,Beta 289265*,4430,40,38.44,-7.55
DOMBATE,UtC 3202,4430,50,43.19,-8.97
LECEIA,ICEN 1159,4430,50,38.73,-9.28
JOU'L LLOBU,OxA 10173*,4430,50,43.34,-4.92
ALGAR DO BOM SANTO,Beta 120047*,4430,50,39.04,-9.02
DOMBATE,CSIC 941,4430,25,43.19,-8.97
PAPA UVAS,ICEN 1069,4420,90,37.27,-7.04
MADORRAS 1,GrA 885*,4420,40,41.3,-7.61
LAPA DO FUMO,ICEN 240,4420,45,38.43,-8.4
PERDIGOES,Beta 285099*,4420,40,38.44,-7.55
MONTE DOS REMEDIOS,Ua 33144*,4420,45,42.27,-8.76
BOLA DA CERA,ICEN 67,4420,45,39.39,-7.36
CABEZO JURE,Ua 39867*,4415,31,37.56,-7.09
CHABOLA DE LA HECHICERA,Beta 307797,4420,30,42.57,-2.55
ERAS DEL ALCAZAR,Ua 34705*,4415,35,38.01,-3.37
FOTENLA,CSIC 417,4410,50,42.3,-8.67
CASULLO,CNA 346*,4410,50,37.59,-6.5
LOS MILLARES- POBLADO,Beta 124532*,4410,60,36.97,-2.52
TERRERA VENTURA,I 7442,4415,95,37.05,-2.4
SANTA MARGARIDA 2- HERDADE DE,Beta 153911*,4410,60,38.43,-7.43
COSTA DO PEREIRO,Sac 1744,4410,60,39.58,-8.55
BORRACHEIRA (o SERRA DA VILA),CAIS 8455,4420,25,39.09,-9.26
CASTANHEIRO DO VENTO,Ua 22456*,4400,65,41.06,-7.32
ESTRIA,Beta 228578,4410,40,38.77,-9.27
ARRUDA- ANTA DE,Beta 229584,4410,40,38.99,-9.05
KOBAEDERRA,OxA 6960*,4405,55,43.34,-2.62
VILLARICOS,IRPA 1113,4400,50,37.25,-1.78
DOMBATE,CSIC 939,4410,25,43.19,-8.97
OLELAS,ICEN 879,4400,45,38.45,-9.15
ORCA DA PENELA 1,GrA 9578*,4400,50,40.51,-8.02
REGO DA MURTA 1,Beta 190003*,4400,40,39.77,-8.37
ARANTZAZU,Ua 11849*,4390,55,42.98,-2.4
MONTE DA TUMBA,ICEN 114,4390,50,38.28,-8.23
COTOGRANDE 5,GrN 19566,4390,50,42.22,-8.64
YURKINAS 2- CUEVA DE LAS,Beta 148054,4390,40,42.63,-2.7
FORNO DOS MOUROS 7,Ua 21688*,4390,45,43.67,-7.74
PENEDOS GRANDES,CSIC 1831,4396,35,41.85,-8.39
CASTENAIRAS / CASTONAIRAS,GrA 9313*,4380,50,40.83,-7.76
MOURA- COVA DA,Sac 1788,4380,50,39.09,-9.24
ALTO DE LA HUESERA,Beta 301225,4390,30,42.57,-2.57
EL SOTILLO,Beta 299304,4390,30,42.57,-2.62
PERDIGOES,Beta 350352,4390,30,38.44,-7.55
CHABOLA DE LA HECHICERA,Beta 288933,4380,40,42.57,-2.55
CABEZO JURE,Ua 35665*,4370,35,37.56,-7.09
FETEIRA,Sac 1562,4370,45,39.28,-9.27
BARROCAL ALTO,ICEN 414,4370,45,41.27,-6.55
DOMBATE,CSIC 963,4380,35,43.19,-8.97
CANTARRANAS/ LAS VINAS,Sac 1574,4430,80,36.62,-6.27
ILLETA DELS BANYETS,Beta 152951,4370,40,38.43,-0.38
REGO DA MURTA 1,Beta 190002*,4370,40,39.77,-8.37
PERDIGOES,Beta 289263*,4370,40,38.44,-7.55
ETXEGARATE,0,4365,40,42.95,-2.23
YURKINAS 2- CUEVA DE LAS,Beta 137896,4360,40,42.63,-2.7
LARRENKE NORTE,I 14738,4410,100,42.68,-2.8
ESTRADA DE ANSIAO,Sac 1557,4400,100,39.92,-8.44
SAN BLAS,Beta 178653,4340,40,38.55,-7.29
PRAIA DAS MAÇAS,OxA 5509*,4410,75,38.82,-9.46
TRIGACHE 2,Beta 239755,4340,40,38.81,-9.21
BURACO DA PALA,ICEN 598,4390,70,41.46,-7.29
TORCA L'ARROYU,UBAR 803,4390,70,43.41,-5.84
MONTE DA TUMBA,ICEN 116,4400,80,38.28,-8.23
LA GARMA B,OxA 7299*,4380,70,43.43,-3.66
SILLA DEL MORO,KIK 3880/KIA 28776*,4360,30,36.8,-5.25
LAYAZA,Beta 317863,4360,30,42.58,-2.65
ALTO DE LA HUESERA,Beta 301222,4350,30,42.57,-2.57
EL SOTILLO,Beta 299305,4350,30,42.57,-2.62
PRAIA DAS MAÇAS,OxA 5510*,4395,60,38.82,-9.46
ALTO DE LA HUESERA,Beta 301220,4340,30,42.57,-2.57
MONTE DA TUMBA,ICEN 115,4340,35,38.28,-8.23
CABEZO JURE,Ua 35666*,4340,35,37.56,-7.09
LARRENKE NORTE,I 14590,4400,100,42.68,-2.8
EL NEGRON,UNK 1,4330,35,37.24,-4.94
CASTENAIRAS / CASTONAIRAS,OxA 7435*,4365,50,40.83,-7.76
SANTIAGO- CASTRO DE,ICEN 1257,4350,45,40.65,-7.48
LA PIJOTILLA,Beta 121147,4360,50,38.81,-6.66
BOLA DA CERA,ICEN 66,4360,50,39.39,-7.36
LOS MILLARES- TUMBA 19,KN 72,4380,120,36.9,-2.52
MANDUBI-ZELAIA,GrA 16943*,4345,45,43.09,-2.25
LECEIA,ICEN 674,4370,60,38.73,-9.28
MONTE CANELAS 1,OxA 5515*,4370,60,37.15,-8.15
OLELAS,ICEN 939,4360,60,38.45,-9.15
COVÃO DO POÇO,Beta 134407,4360,60,39.53,-8.77
EL PRADO,Beta 7072,4350,50,38.62,-1.32
MURGANHO 2,ICEN 905,4330,45,40.52,-7.82
KANPANOSTE GOIKOA,GrN 20267,4350,60,42.76,-2.48
ARRUDA- CABEÇO DE,Beta 123363*,4370,70,39.06,-9.29
ORCA DA PENELA 1,GrA 9256*,4320,50,40.51,-8.02
LA CAPELLANIA,Ly 4421,4340,100,36.9,-4.18
EL PRADO,AA 4237*,4340,60,38.62,-1.32
LACILLA 2,Ua 44279*,4335,60,43.27,-3.16
FURNINHA,OxA 5505*,4335,65,39.36,-9.4
LARRENKE NORTE,0,4300,100,42.68,-2.8
LECEIA,ICEN 1158,4320,60,38.73,-9.28
PARQUE DE MIRAFLORES,KIA 24925*,4327,24,37.42,-5.96
ALTO DE LA HUESERA,Beta 301221,4320,30,42.57,-2.57
ALTO DE LA HUESERA,Beta 301223,4320,30,42.57,-2.57
ALTO DE LA HUESERA,Beta 321416,4320,30,42.57,-2.57
SAO PEDRO,KIA 33864*,4308,98,38.65,-7.55
TERRERA VENTURA,I 7419,4305,95,37.05,-2.4
MONTE DOS REMEDIOS,Ua 32668*,4315,25,42.27,-8.76
LIBRILLA- RAMBLA DE,Ly 7151,4305,55,37.87,-1.33
OLIVAL DA PEGA 2B,ICEN 955,4290,100,38.45,-7.4
MANDUBI-ZELAIA,GrA 18785*,4300,50,43.09,-2.25
TERRERA VENTURA,I 7414,4295,95,37.05,-2.4
ESCOURAL- POVOADO DO,ICEN 1034,4340,70,38.6,-8.24
CARNEIRA,ICEN 420,4280,100,39.35,-8.93
MONTE DA TUMBA,UGRA 234,4280,100,38.28,-8.23
PORTO TORRAO,ICEN 55,4290,50,38.08,-8.13
SAN JUAN ANTE PORTAM LATINAM,Ua 10357*,4325,70,42.55,-2.56
OLELAS,ICEN 346,4350,150,38.45,-9.15
ALMIZARAQUE,CSIC 672,4310,60,37.26,-1.79
PONTA DA PASSADEIRA,OxA 6389*,4305,70,38.68,-9.04
OS CAMPI—OS 6,GrN 14328,4300,60,42.67,-8.77
VALENCINA DE LA CONCEPCION,Ua 36025*,4295,55,37.42,-6.08
ALMIZARAQUE,IRPA 1082,4290,60,37.26,-1.79
PORTO TORRAO,ICEN 56,4300,80,38.08,-8.13
LOS MILLARES- POBLADO,H 204/247,4295,85,36.97,-2.52
ALTO DE LA HUESERA,Beta 301224,4300,30,42.57,-2.57
ALMIZARAQUE,UGRA 170,4300,90,37.26,-1.79
ROMEA- MONTE DA,Ua 20003*,4265,50,42.65,-8.14
KATILLOTXU 5,Beta 259127*,4290,90,43.4,-2.72
ERAS DEL ALCAZAR,Beta 229718*,4270,60,38.01,-3.37
TERRERA VENTURA,I 6935,4265,90,37.05,-2.4
TERRERA VENTURA,I 7417,4265,95,37.05,-2.4
ESCOURAL- POVOADO DO,ICEN 609,4260,90,38.6,-8.24
NERJA- CUEVA DE,Ua 12466*,4260,70,36.76,-3.84
TERRERA VENTURA,I 7421,4250,95,37.05,-2.4
TERRERA VENTURA,I 7423,4250,95,37.05,-2.4
ESCOURAL- POVOADO DO,ICEN1033,4260,60,38.6,-8.24
PRAIA DAS MAÇAS,H 2049/1487,4260,60,38.82,-9.46
PAIMOGO 1,Sac 1556,4250,90,39.29,-9.34
CASTELO DE MATOS 1,ICEN 300,4230,80,41.17,-7.98
EL NEGRON,UNK 1,4300,35,37.24,-4.94
ERAS DEL ALCAZAR,Ua 34704*,4300,35,38.01,-3.37
ERAS DEL ALCAZAR,Ua 34715*,4300,35,38.01,-3.37
JUNTA DE LOS RIOS,Beta 172040,4210,80,37.56,-6.71
DOMBATE,CSIC 892,4230,70,43.19,-8.97
ALTO DE LA HUESERA,Beta 301226,4290,30,42.57,-2.57
YURKINAS 2- CUEVA DE LAS,Beta 137895,4290,40,42.63,-2.7
REGO DA MURTA 2,Beta 190004*,4290,40,39.77,-8.37
VALE DE LOBOS,Beta 220074,4290,40,38.79,-9.28
SAN MIGUEL DE IRURA,0,4275,35,43.17,-2.87
TERRERA VENTURA,CSIC 264,4240,60,37.05,-2.4
TORCA L'ARROYU,UBAR 804,4240,60,43.41,-5.84
LOS MILLARES- POBLADO,Beta 124526,4220,70,36.97,-2.52
LOS MILLARES- POBLADO,Beta 124523,4220,70,36.97,-2.52
LOS MILLARES- POBLADO,Beta 124527,4220,70,36.97,-2.52
CASAL DO PENEDO,Beta 229585,4280,40,38.88,-9.08
CASAL DO PENEDO,Beta 234134,4280,40,38.88,-9.08
SANTA MARGARIDA 3- HERDADE DE,Beta 176897*,4290,40,38.44,-7.44
SANTA MARGARIDA 3- HERDADE DE,Beta 166422*,4270,40,38.44,-7.44
SANTA MARGARIDA 3- HERDADE DE,Beta 166416*,4270,40,38.44,-7.44
CARCAVELOS,Beta 208158,4270,40,38.89,-9.22
CHAO SAMARTIN,CSIC 1645,4269,37,43.2,-6.93
SAN CRISTOBAL,Beta 161187,4260,40,42.6,-2.62
CAMINO DEL MOLINO,Beta 244973,4260,40,38.1,-1.86
ARRUDA- CABEÇO DE,UBAR 538,4230,100,39.06,-9.29
HUERTA MONTERO,GrN 16955,4220,100,38.69,-6.43
SAN JUAN ANTE PORTAM LATINAM,Ua 10415*,4200,95,42.55,-2.56
OLIVAL DA PEGA 2B,ICEN 956,4180,80,38.45,-7.4
CASTENAIRAS / CASTONAIRAS,GrA 9312*,4520,50,40.83,-7.76
PENA D'AGUA- ABRIGO DA,Beta 137945,4250,50,39.58,-8.55
ARRUDA- CABEÇO DE,Beta 132975,4240,50,39.06,-9.29
ATALAIA,KN I-200,4240,50,37.68,-8.27
EL NEGRON,UNK 1,4250,35,37.24,-4.94
KANPANOSTE GOIKOA,GrN 22738,4190,100,42.76,-2.48
TERRERA VENTURA,I 8702,4185,95,37.05,-2.4
VALENCINA DE LA CONCEPCION,Ua 36022*,4235,35,37.42,-6.08
LA CAPELLANIA,Ly 4422,4180,100,36.9,-4.18
ZARRA DE XOACÕN,CSIC 1857,4232,33,42.64,-8.13
MONTE DOS REMEDIOS,Ua 33140*,4240,40,42.27,-8.76
POÇO VELHO,OxA 5533*,4245,55,38.7,-9.42
EL TRUCHIRO,AA 45568*,4242,56,42.43,-3.66
PAREDE,Beta 188388,4230,40,38.69,-9.35
PAREDE,Beta 190859,4230,40,38.69,-9.35
PÉ DE ERRA,ICEN 587,4220,45,39.79,-8.67
EL TARAJAL,CSIC 227,4230,50,36.85,-2.21
PARAJE DE MONTE BAJO,Beta 233956*,4220,40,36.39,-5.73
EL PRADO,Beta 7073,4230,60,38.62,-1.32
PORTO TORRAO,ICEN 61,4230,60,38.08,-8.13
DOLMEN DE LA PALOMA,Beta 150153,4220,40,37.67,-6.72
EL PRADO,AA 4238*,4220,60,38.62,-1.32
VALENCINA DE LA CONCEPCION,Ua 32886*,4215,40,37.42,-6.08
SAO LOURENCO,ICEN 787,4220,50,41.82,-7.36
LECEIA,Sac 1317,4220,50,38.73,-9.28
ALMIZARAQUE,IRPA 1084,4210,60,37.26,-1.79
CHIBANES,Beta 162911,4210,60,38.56,-8.01
CIAVIEJA,I 15011,4170,100,36.78,-2.8
LA VENTA,Beta 150157,4200,70,37.67,-6.71
PORTO TORRAO,ICEN 60,4200,70,38.08,-8.13
LECEIA,ICEN 89,4200,70,38.73,-9.28
PORTO DAS CARRETAS,Beta 196682*,4200,70,38.42,-7.35
LOS MILLARES- POBLADO,Beta 124531*,4200,60,36.97,-2.52
TERRERA VENTURA,CSIC 265,4200,60,37.05,-2.4
LOS GITANOS- CUEVA DE,AA 29111*,4200,65,43.36,-3.25
ZAMBUJAL,KIA 27559,4238,29,39.07,-9.29
AS ROZAS,CSIC 1131,4219,32,42.57,-8.56
PEDRA DOS MOUROS,Beta 228582,4210,50,38.77,-9.27
SANTIAGO- CASTRO DE,ICEN 907,4210,45,40.65,-7.48
SALA 1,ICEN 448,4140,100,38.11,-7.64
ERAS DEL ALCAZAR,Ua 21453*,4210,45,38.01,-3.37
EL TARAJAL,CSIC 222,4200,50,36.85,-2.21
REQUE¡N,CSIC 898,4200,50,42.96,-7.98
PARAJE DE MONTE BAJO,Beta 233955,4210,40,36.39,-5.73
ERAS DEL ALCAZAR,Beta 229717*,4210,40,38.01,-3.37
REGO DA MURTA 2,Beta 190007*,4190,50,39.77,-8.37
CARRIL DE CALDEROS,KIK 2746/KIA 20887*,4200,30,37.68,-1.69
DOMBATE,CSIC 948,4200,30,43.19,-8.97
ZAMBUJAL,GrN 7009,4200,40,39.07,-9.29
LA GARMA A,OxA 7272*,4200,35,43.43,-3.66
SANTA VITORIA,ICEN 1250,4180,60,39,-7.09
TERRERA VENTURA,KN 1796,4180,60,37.05,-2.4
PARQUE DE MIRAFLORES,KIA 24927*,4190,28,37.42,-5.96
VALENCINA DE LA CONCEPCION,Ua 36029*,4180,35,37.42,-6.08
GATAS,Beta 92590,4170,60,37.13,-1.88
FONTAINHAS,TO 358*,4170,60,39.22,-9.03
MONTE DA TUMBA,ICEN 117,4180,30,38.28,-8.23
LAMEIRA,Wk 18503,4174,32,38.58,-7.28
ERAS DEL ALCAZAR,Ua 34713*,4175,35,38.01,-3.37
MOINHO DE VALADARES,OxA 12714*,4167,30,38.33,-7.37
ANGERINHA- MONTE DA,KIA 33229*,4158,31,38.35,-8.05
LECEIA,ICEN 673,4130,100,38.73,-9.28
CIAVIEJA,I 15009,4130,100,36.78,-2.8
ALMIZARAQUE,UGRA 163,4120,100,37.26,-1.79
EL GARCEL,SUA 1173,4120,100,37.24,-1.88
ESCOURAL- POVOADO DO,ICEN 608,4120,100,38.6,-8.24
PRAIA DO FORTE NOVO,Sac 1606,4150,80,37.06,-8.09
SAN CRISTOBAL,0,4190,40,42.6,-2.62
La GARMA D,AA 45579*,4185,48,43.43,-3.67
ESTANQUE,Wk 17091,4182,39,38.77,-8.19
LA GARMA A,OxA 7151*,4180,45,43.43,-3.66
MONTE ABRA√O,Beta 228580,4180,40,38.77,-9.27
ERAS DEL ALCAZAR,Ua 34711*,4180,40,38.01,-3.37
MALHOEIRA- CABE«O DE,ICEN 1085,4180,50,40.23,-7.26
EL PRADO,Beta 7071,4180,50,38.62,-1.32
ESTRIA,Beta 208950,4180,50,38.77,-9.27
AS CRUCES/REBORICA,UtC 4003*,4170,44,43.19,-7.97
SAN CRISTOBAL,0,4170,40,42.6,-2.62
EL PRADO,Beta 7070,4170,50,38.62,-1.32
LECEIA,ICEN 1173,4170,50,38.73,-9.28
SANTA MARGARIDA 3- HERDADE DE,Beta 176896*,4170,40,38.44,-7.44
FOLHA DE BARRADAS,Beta 234135,4170,40,38.83,-9.33
ERAS DEL ALCAZAR,Beta 229716*,4170,50,38.01,-3.37
CABEZO JURE,Ua 22808*,4165,45,37.56,-7.09
SAO PEDRO,KIA 33867*,4160,34,38.65,-7.55
SAO PEDRO,KIA 33863*,4163,37,38.65,-7.55
EL TARDON,UGRA 260,3530,60,36.96,-4.54
EL TARDON,GrN1 16066,3745,25,36.96,-4.54
BURACO DA PALA,CSIC 867,4170,55,41.46,-7.29
EL CAPIT¡N,Beta 26611,4140,140,37.8,-1.87
LA PIJOTILLA,CNA 034*,4168,55,38.81,-6.66
ZAMBUJAL,GrN 6671,4170,60,39.07,-9.29
POÇO VELHO,Beta 244393,4160,50,38.7,-9.42
ZAMBUJAL,KIA 27561,4155,32,39.07,-9.29
ERAS DEL ALCAZAR,Ua 34714*,4155,40,38.01,-3.37
SAO PEDRO,KIA 33868*,4152,36,38.65,-7.55
LA RASA 2,AA 29642*,4165,55,43.4,-3.91
LOS MILLARES- POBLADO,BM 2343,4150,40,36.97,-2.52
ARQUINHA DA MOURA,GrA 9573*,4160,50,40.51,-8.01
MONTE DOS REMEDIOS,Ua 33143,4150,40,42.27,-8.76
CASAINHOS,Beta 225168,4150,40,38.88,-9.17
ERAS DEL ALCAZAR,Ua 34703*,4150,35,38.01,-3.37
POÇO VELHO,Beta 244390,4150,40,38.7,-9.42
BOLORES,Beta 249032,4150,40,39.08,-9.29
PORTO DAS CARRETAS,Beta 204061*,4150,40,38.42,-7.35
AMEAL VI,OxA 5436*,4155,55,40.44,-7.95
MALHADA,Beta 126091,4140,80,40.68,-7.47
PALACIO QUEMADO,HAR 8249,4140,80,38.7,-6.3
POÇO VELHO,Beta 178464,4150,40,38.7,-9.42
VALENCINA DE LA CONCEPCION,Ua 19475*,4150,50,37.42,-6.08
BURACO DA PALA,ICEN 418,4140,40,41.46,-7.29
CASTELO 1- MAMOA DO,CSIC 1814,4136,33,41.48,-7.4
BURACO DA PALA,ICEN 934,4110,120,41.46,-7.29
CASTANHEIRO DO VENTO,Ua 20455*,4145,45,41.06,-7.32
PARQUE DE MIRAFLORES,KIA 24924*,4133,39,37.42,-5.96
ZAMBUJAL,KIA 27558,4129,31,39.07,-9.29
ANGERINHA- MONTE DA,KIA 33227*,4130,26,38.35,-8.05
ERAS DEL ALCAZAR,Beta 229722*,4130,60,38.01,-3.37
ZAMBUJAL,GrN 7664,4140,90,39.07,-9.29
LECEIA,ICEN 91,4130,60,38.73,-9.28
OLIVAL DA PEGA 2B,ICEN 957,4130,60,38.45,-7.4
VALE DA CERVA,GrA 8402,4140,50,41.03,-7.11
CABEZO JURE,Ua 35662*,4125,30,37.56,-7.09
VALENCINA DE LA CONCEPCION,Ua 24557*,4135,45,37.42,-6.08
LA PIJOTILLA,Beta 121143,4130,40,38.81,-6.66
ZAMBUJAL,KIA 7260,4134,43,39.07,-9.29
CARCAVELOS,Beta 225170,4130,40,38.89,-9.22
BITARADOS,AA 63067*,4125,51,41.56,-8.75
CHA DE PARADA 1,ICEN 409,4130,45,41.2,-8.01
CABEZO JURE,Ua 39862*,4115,31,37.56,-7.09
BARROCAL ALTO,CSIC 727,4119,60,41.27,-6.55
CASTELO VELHO,Sac 1518,4130,80,41.07,-7.19
PEDRA BRANCA,ICEN 1041,4120,60,38.15,-8.67
PARQUE DE MIRAFLORES,KIA 24926*,4109,28,37.42,-5.96
BURACO DA PALA,ICEN 311,4120,50,41.46,-7.29
MIR”N- CUEVA DEL,GX 22130*,4120,50,43.25,-3.45
MONTENEGRO,Ua 23591*,4125,40,42.31,-8.74
PRAGANÇA,ICEN 573,4120,50,39.26,-9.09
BITARADOS,AA 63066*,4122,43,41.56,-8.75
VALENCINA DE LA CONCEPCION,Ua 32885*,4120,40,37.42,-6.08
CASTANHEIRO DO VENTO,Ua 18039*,4140,75,41.06,-7.32
EL TARAJAL,CSIC 228,4110,50,36.85,-2.21
MONTENEGRO,Ua 23589*,4120,40,42.31,-8.74
RORTURA,OxA 5538*,4110,50,38.53,-8.92
ERAS DEL ALCAZAR,Ua 26014*,4120,40,38.01,-3.37
SAN CRISTOBAL,0,4100,30,42.6,-2.62
ALTO DE LA HUESERA,Beta 321420,4100,30,42.57,-2.57
BURACO DA PALA,ICEN 597,4090,130,41.46,-7.29
LA PIJOTILLA,Beta 121146*,4110,40,38.81,-6.66
AGUALVA,Beta 239754,4110,40,38.77,-9.3
ALAPRAIA 4,Beta 178461,4110,40,38.71,-9.38
VALENCINA DE LA CONCEPCION,Ua 32042*,4105,40,37.42,-6.08
CARRIL DE CALDEROS,KIK 2748/KIA 20889*,4105,40,37.68,-1.69
EL TARAJAL,CSIC 219,4100,50,36.85,-2.21
MONTE AREO 22,UtC 7221,4103,43,43.52,-5.78
VALENCINA DE LA CONCEPCION,Ua 36028*,4105,40,37.42,-6.08
SAO PEDRO,KIA 33866*,4103,37,38.65,-7.55
ERAS DEL ALCAZAR,Ua 34710*,4100,35,38.01,-3.37
CASTANHEIRO DO VENTO,Ua 22460*,4095,50,41.06,-7.32
A GANDARA,CSIC 1265,4095,32,42.16,-8.65
FLORIDABLANCA- CALLE,KIK 977/ UtC 7939*,4100,35,37.68,-1.7
SANTA MARGARIDA 3- HERDADE DE,Beta 166423*,4100,40,38.44,-7.44
PENEDO DE LEXIM,Beta 175774,4100,40,38.89,-9.18
PORTO COVO,Beta 245135,4100,40,38.75,-9.42
COVACHOS- CUEVA DE LOS,Beta 136699,4090,50,37.88,-6.08
EL TARAJAL,CSIC 221,4090,50,36.85,-2.21
CASTANHEIRO DO VENTO,Ua 23432*,4090,40,41.06,-7.32
BURACO DA PALA,ICEN 826,4090,45,41.46,-7.29
ZAMBUJAL,GrN 7006,4090,40,39.07,-9.29
JUNTA DE LOS RIOS,Ua 23884*,4090,45,37.56,-6.71
POÇO VELHO,OxA 5532*,4090,55,38.7,-9.42
POÇO VELHO,Beta 244396,4090,40,38.7,-9.42
SÃO PEDRO DE ESTORIL 2,Beta 188389,4090,40,38.71,-9.37
SÃO PEDRO DE ESTORIL 2,Beta 178465,4090,40,38.71,-9.37
EL PRADO,Beta 293368,4090,40,38.62,-1.32
ERAS DEL ALCAZAR,Ua 34706*,4090,35,38.01,-3.37
ERAS DEL ALCAZAR,Ua 34712*,4085,40,38.01,-3.37
EL CASTILLEJO,GrA 20691*,4085,45,36.88,-4.52
CABEZO JURE,Ua 39864*,4082,31,37.56,-7.09
CRASTO DE PALHEIROS,CSIC 1280,4087,34,41.4,-7.38
PENEDO DE LEXIM,Beta 175775,4080,40,38.89,-9.18
SOBREIRA DE CIMA 5,Beta 232637*,4080,40,37.75,-7.82
CAMPOS,GrN 15508,4080,25,37.3,-1.87
SAN CRISTOBAL,0,4080,30,42.6,-2.62
JOU'L LLOBU,OxA 10172*,4075,45,43.34,-4.92
ALTO DE LA HUESERA,Beta 321415,4080,30,42.57,-2.57
PE—AJORAO 3,AA 29641*,4125,70,43.39,-3.92
RAINHA- LAPA DA,CAIS 8453,4080,25,39.2,-9.32
ERAS DEL ALCAZAR,Ua 34708*,4085,35,38.01,-3.37
CASTELO VELHO,CSIC 1706,4073,45,41.07,-7.19
GLORIETA DE SAN VICENTE,KIK 2507/ KIA 19491*,4075,30,37.68,-1.7
CABEZO JURE,Ua 35661*,4070,30,37.56,-7.09
ERAS DEL ALCAZAR,Ua 26019*,4070,45,38.01,-3.37
ZAMBUJAL,KIA 27563,4065,37,39.07,-9.29
CASTANHEIRO DO VENTO,Ua 23426*,4060,40,41.06,-7.32
CABEZO JURE,CSIC 1479,4059,35,37.56,-7.09
ERAS DEL ALCAZAR,Ua 26016*,4060,40,38.01,-3.37
CASTELO 1- MAMOA DO,CSIC 1817,4057,33,41.48,-7.4
ZAMBUJAL,GrN 7003,4055,40,39.07,-9.29
ZAMBUJAL,GrN 7005,4055,40,39.07,-9.29
LAYAZA,Beta 317862,4060,30,42.58,-2.65
ALTO DE LA HUESERA,Beta 321419,4050,30,42.57,-2.57
CORTES 2,,4050,30,38.01,-7.6
MARIANELA,KIK 2903/ KIA 21808*,4050,25,37.68,-1.7
CRASTO DE PALHEIROS,CSIC 1617,4046,29,41.4,-7.38
ZAMBUJAL,KIA 27562,4049,25,39.07,-9.29
EL SOTILLO,Beta 299306,4040,30,42.57,-2.62
VALENCINA DE LA CONCEPCION,Ua 36030*,4040,35,37.42,-6.08
CASTELO VELHO,ICEN 785,4110,60,41.07,-7.19
TERRERA VENTURA,CSIC 267,4110,60,37.05,-2.4
FETEIRA,TO 352*,4110,60,39.28,-9.27
PORTO DAS CARRETAS,Beta 193745,4110,60,38.42,-7.35
LECEIA,ICEN 92,4120,80,38.73,-9.28
BURACO DA PALA,ICEN 310,4120,80,41.46,-7.29
CARTAS DE VILAR 4,CSIC 1383,4027,28,42.23,-8.61
CASTELO VELHO,Ua 20637*,4020,30,41.07,-7.19
DOMBATE,CSIC 962,4020,30,43.19,-8.97
PAIMOGO 1,UBAR 539,4130,90,39.29,-9.34
TERRERA VENTURA,I 7415,4130,95,37.05,-2.4
SANTA VITORIA,ICEN 1251,4080,50,39,-7.09
EL TARAJAL,CSIC 220,4080,50,36.85,-2.21
PENEDO DE LEXIM,Beta 186854,4080,50,38.89,-9.18
CAMPOS,GrN 15510,4025,25,37.3,-1.87
TERRERA VENTURA,I 7418,4115,95,37.05,-2.4
COTOGRANDE 5,GrN 19565,4065,45,42.22,-8.64
CRASTO DE PALHEIROS,Ua 22212*,4065,45,41.4,-7.38
MOCISSOS,KIA 30552*,4006,24,38.35,-8.06
ZAMBUJAL,GrN 7002,4050,40,39.07,-9.29
PERDIGOES,Beta 285096*,4050,40,38.44,-7.55
PEDRAS DA GRANJA,Beta 225171,4050,40,38.79,-9.3
PERDIGOES,Beta 285098*,4050,40,38.44,-7.55
BOLORES,Beta 235488,4050,40,39.08,-9.29
LECEIA,ICEN 675,4100,90,38.73,-9.28
GLORIETA DE SAN VICENTE,KIK 2506/ KIA 19490*,4035,35,37.68,-1.7
BURACO DA PALA,ICEN 594,4120,70,41.46,-7.29
BARROCAL ALTO,CSIC 728,4100,60,41.27,-6.55
PAIMOGO 1,Sac 1782,4100,60,39.29,-9.34
VERDELHA DOS RUIVOS,GrN 10972,4100,60,38.88,-9.08
DOMBATE,CSIC 1066,4090,60,43.19,-8.97
LECEIA,ICEN 1176,4090,60,38.73,-9.28
RORTURA,OxA 5537*,4075,55,38.53,-8.92
CIAVIEJA,I 15005,4100,100,36.78,-2.8
CRASTO DE PALHEIROS,Ua 18528*,4060,50,41.4,-7.38
REGO DA MURTA 2,Beta 190008*,4060,50,39.77,-8.37
LECEIA,ICEN 1212,4110,70,38.73,-9.28
CARMONA,Ua 21476*,4055,50,37.47,-6.04
VALENCINA DE LA CONCEPCION,Ua 22813*,4050,45,37.42,-6.08
ALBALATE,UNK 1,4080,100,37.87,-4.22
BITARADOS,AA 63065*,4046,42,41.56,-8.75
CIAVIEJA,I 15006,4080,100,36.78,-2.8
CIAVIEJA,I 15010,4080,100,36.78,-2.8
PENA LARGA,Beta 242780*,4040,40,42.62,-2.51
MONTE ABRA√O,Beta 228579,4040,40,38.77,-9.27
CASTANHEIRO DO VENTO,Ua 20454*,4035,40,41.06,-7.32
CASTANHEIRO DO VENTO,Ua 20453*,4040,45,41.06,-7.32
SAN BLAS,Beta 178650,4030,40,38.55,-7.29
POÇO VELHO,Beta 245137,4030,40,38.7,-9.42
POÇO VELHO,Beta 244395,4030,40,38.7,-9.42
FORTE DO PASSO,ICEN 940,4080,60,39,-9.12
SANTA VITORIA,ICEN 1249,4090,70,39,-7.09
EL ARAMO- MINAS DE,OxA 1833*,4090,70,43.19,-5.9
LECEIA,ICEN 1175,4090,80,38.73,-9.28
SAN CRISTOBAL,0,4020,40,42.6,-2.62
CABEZO JURE,Ua 35663*,4015,35,37.56,-7.09
CABEZO JURE,Ua 35664*,4015,35,37.56,-7.09
CABEZO JURE,Ua 35667*,4015,35,37.56,-7.09
CASTELO 1- MAMOA DO,Ua 19122*,4080,70,41.48,-7.4
VALENCINA DE LA CONCEPCION,Ua 36031*,4010,35,37.42,-6.08
AMARGUILLO 2,Beta 75066*,4070,60,37.16,-5.71
CASTANHEIRO DO VENTO,Ua 22461*,4050,50,41.06,-7.32
EL TARAJAL,CSIC 218,4050,50,36.85,-2.21
PUERTO DE LOS HUERTOS,CNA 342*,4050,50,37.61,-6.53
LECEIA,ICEN 1177,4050,50,38.73,-9.28
LAPA DA FURADA ,ICEN 1240,4050,50,38.43,-9.18
PERDIGOES,ICEN 612,4060,60,38.44,-7.55
JUNTA DE LOS RIOS,Ua 23886*,4035,45,37.56,-6.71
CRASTO DE PALHEIROS,Ua 22884*,4035,45,41.4,-7.38
MOINHO NOVO DE BAIXO 1,Wk 18499,4009,32,38.52,-7.32
ALTO DE LA HUESERA,Beta 321414,4010,30,42.57,-2.57
LARRARTE,Ua 11139*,4055,60,43.28,-2.37
VALENCINA DE LA CONCEPCION,Ua 19474*,4045,50,37.42,-6.08
CASTANHEIRO DO VENTO,Ua 22457*,4045,50,41.06,-7.32
ANJO- QUINTA DO / CASAL DO PARDO,OxA 5508*,4050,60,38.56,-8.94
ZAMBUJAL,KIA 27568,4001,28,39.07,-9.29
PRAGANÇA,ICEN 572,4050,60,39.26,-9.09
CABEZO JURE,Ua 39863*,3999,30,37.56,-7.09
ZAMBUJAL,KIA 27569,3999,29,39.07,-9.29
CABEZO JURE,Ua 39865*,3995,30,37.56,-7.09
ALMIZARAQUE,CSIC 643 / CSIC 754 / UGRA 174,4039,41,37.26,-1.79
ALMIZARAQUE,CSIC 645/ IRPA 1084,4104,38,37.26,-1.79
EL TARAJAL,CSIC 225,4030,50,36.85,-2.21
VALENCINA DE LA CONCEPCION,Ua 36027*,4030,50,37.42,-6.08
TERRERA VENTURA,I 6934,4075,90,37.05,-2.4
EL TARAJAL,CSIC 229,4020,50,36.85,-2.21
BARROCAL TENREIRO,Beta 137942,4010,40,40.94,-7.06
CASTANHEIRO DO VENTO,Ua 20452*,4010,40,41.06,-7.32
LAVAP…S,CSIC 1532,4000,36,42.28,-8.83
JUNTA DE LOS RIOS,Ua 23885*,4005,45,37.56,-6.71
CAMPOS,GrN 15509,4005,40,37.3,-1.87
VERDELHA DOS RUIVOS,GrN 10973,4000,35,38.88,-9.08
CASTANHEIRO DO VENTO,Ua 32081*,4000,40,41.06,-7.32
EL ARAMO- MINAS DE,Ua 33691*,4000,45,43.19,-5.9
JUNTA DE LOS RIOS,Ua 20487*,4000,40,37.56,-6.71
EL SOTILLO,Beta 399300,4000,40,42.57,-2.62
BOLORES,Beta 256325,4000,40,39.08,-9.29
JUNTA DE LOS RIOS,Ua 23883*,3995,40,37.56,-6.71
JUNTA DE LOS RIOS,Ua 20488*,3995,40,37.56,-6.71
ALBARDAO- HORTA DO,Beta 261319,3990,40,38.47,-7.7
SAN CRISTOBAL,0,3990,40,42.6,-2.62
DOLMEN DE LA PALOMA,Beta 150154,4070,70,37.67,-6.72
SAN BLAS,Beta 178654,3990,40,38.55,-7.29
CAMINO DEL MOLINO,Beta 244975,3990,40,38.1,-1.86
PERDIGOES,Beta 289262*,3990,40,38.44,-7.55
ZAMBUJAL,GrN 7004,3995,35,39.07,-9.29
VALENCINA DE LA CONCEPCION,Ua 36024*,3985,30,37.42,-6.08
CAMPOS,GrN 15511,3990,35,37.3,-1.87
LOS MILLARES- POBLADO,Beta 124525,4040,60,36.97,-2.52
ZAMBUJAL,GrN 7008,3980,35,39.07,-9.29
FORTE DO PASSO,ICEN 1031,4050,110,39,-9.12
CASTANHEIRO DO VENTO,Ua 18041*,4065,70,41.06,-7.32
ALBARDEIROS- MONTE NOVO DOS,ICEN 530,4060,80,38.4,-7.55
ALMIZARAQUE,CSIC 754,4060,70,37.26,-1.79
OLELAS,ICEN 347,4060,70,38.45,-9.15
PEDRA ESCORREGADIA,ICEN 844,4060,70,37.07,-8.92
VALENCINA DE LA CONCEPCION,Ua 36026*,3965,35,37.42,-6.08
LA CEÑUELA,CSIC 140,4050,70,37.67,-1.41
CASTANHEIRO DO VENTO,Ua 22459*,4010,50,41.06,-7.32
ANJO- QUINTA DO / CASAL DO PARDO,GrN 10744,4040,70,38.56,-8.94
LECEIA,ICEN 1220,4030,70,38.73,-9.28
CABEZO JURE,Ua 22807*,3995,45,37.56,-7.09
AMARGUILLO 3,OxA 3971*,4030,65,37.16,-5.71
EL MALAGON,BM 2347,4020,60,37.57,-2.42
CERRO DE LA VIRGEN ,UNK 1,4020,60,37.73,-2.51
LOS MILLARES- POBLADO,Beta 124529*,4020,60,36.97,-2.52
TORRE DO ESPORÃO,OxA 5534*,4010,60,38.4,-7.46
ALMIZARAQUE,IRPA 1081,4000,50,37.26,-1.79
CASTANHEIRO DO VENTO,Ua 18697*,4005,60,41.06,-7.32
PENHA VERDE,ICEN 1275,4000,50,38.8,-9.4
JUNTA DE LOS RIOS,Beta 172051,3980,40,37.56,-6.71
BURACO DA PALA,CSIC 825,4000,60,41.46,-7.29
CASTANHEIRO DO VENTO,Ua 20451*,3980,40,41.06,-7.32
LOS MILLARES- FORTIN 1,Beta 125861,3980,40,36.96,-2.53
LOS HUSOS I,Beta 148061,3980,40,42.59,-2.55
PERDIGOES,Beta 285095*,3980,40,38.44,-7.55
ZAMBUJAL,KN 4988,3980,40,39.07,-9.29
PERDIGOES,Beta 285097*,3980,40,38.44,-7.55
RASCAVIEJA,AA 37886*,3999,59,43.32,-3.6
EL ARAMO- MINAS DE,OxA 6789*,3995,50,43.19,-5.9
ZAMBUJAL,KIA 27557,3996,23,39.07,-9.29
CASTANHEIRO DO VENTO,Ua 32088*,3990,45,41.06,-7.32
PALACIO QUEMADO,UNK 1,4050,100,38.7,-6.3
CABEZO JURE,Ua 22806*,3985,45,37.56,-7.09
SAO PEDRO,KIA 33865*,4043,95,38.65,-7.55
LECEIA,ICEN 1174,3980,50,38.73,-9.28
ALMIZARAQUE,KIK-229/UtC 2630*,4040,100,37.26,-1.79
ALBALATE,UNK 1,4040,100,37.87,-4.22
IRITEGI,I 18630,4040,100,42.98,-2.41
CIAVIEJA,I 15007,4040,100,36.78,-2.8
CASTELO VELHO,Ua 20631*,3975,40,41.07,-7.19
TERRERA VENTURA,HAR 298,4030,80,37.05,-2.4
MALHADA,Sac 1454,4030,80,40.68,-7.47
POÇO VELHO,Beta 244392,3970,40,38.7,-9.42
CASTANHEIRO DO VENTO,Ua 22458*,4020,80,41.06,-7.32
LECEIA,ICEN 1217,4020,80,38.73,-9.28
MANDUBI-ZELAIA,GrA 16946*,3960,45,43.09,-2.25
MANDUBI-ZELAIA,0,3960,40,43.09,-2.25
ZAMBUJAL,KN 4509,3960,44,39.07,-9.29
POÇO VELHO,Beta 178463,3960,40,38.7,-9.42
VERDELHA DOS RUIVOS,GrN 10971,3960,40,38.88,-9.08
LA PIJOTILLA,Beta 121145,4010,80,38.81,-6.66
LLANO DE LA VIRGEN,GrN 19993,4010,80,36.65,-4.78
SAN BLAS,Beta 178651,3950,40,38.55,-7.29
LOS MILLARES- FORTIN 1,Beta 125860*,3950,40,36.96,-2.53
CAMINO DEL MOLINO,Beta 244974,3950,40,38.1,-1.86
CASTELO VELHO,Ua 20634*,3945,45,41.07,-7.19
LOS MILLARES- FORTÕN 1,Beta 125862,4000,70,36.96,-2.53
EL ARAMO- MINAS DE,Ua 33695*,3945,45,43.19,-5.9
LOS MILLARES- POBLADO,Beta 124522,3990,60,36.97,-2.52
TITUARIA,OxA 5446,3995,65,38.93,-9.21
VALENCINA DE LA CONCEPCION,Ua 24558*,3995,75,37.42,-6.08
JUNTA DE LOS RIOS,Beta 172050,3990,70,37.56,-6.71
CASTANHEIRO DO VENTO,Ua 18695*,3990,65,41.06,-7.32
CASTANHEIRO DO VENTO,Ua 18696*,3975,60,41.06,-7.32
LECEIA,ICEN 1213,3970,70,38.73,-9.28
LOS CASTILLEJOS,Beta 145303*,3960,50,37.33,-3.97
DOMBATE,UtC 3201,3950,60,43.19,-8.97
MOURA- COVA DA,UBAR 536,3950,60,39.09,-9.24
ZAMBUJAL,KIA 7256,3951,55,39.07,-9.29
ALMIZARAQUE,CSIC 644,3950,50,37.26,-1.79
ARRIKRUTZ,GrA 11497*,3950,50,43,-2.43
EL ARAMO- MINAS DE,Ua 18633*,3940,60,43.19,-5.9
CASTANHEIRO DO VENTO,Ua 18703*,3935,60,41.06,-7.32
ZAMBUJAL,KIA 27564,3992,24,39.07,-9.29
PUERTO DE LOS HUERTOS,CNA 344*,3940,45,37.61,-6.53
VERDELHA DOS RUIVOS,ICEN 1242,3940,45,38.88,-9.08
LAS PILAS,IRPA 1028,3940,50,37.15,-1.85
TIO MELON- RAMBLA DEL,UGRA,3935,45,37.55,-2.86
BOUCA DO FRADE,CSIC 629 = CSIC 629R,3955,25,41.17,-8.05
CRASTO DE PALHEIROS,Ua 22213*,3935,45,41.4,-7.38
TERRERA VENTURA,I 7251,4025,90,37.05,-2.4
ZAMBUJAL,KN 4990,3934,51,39.07,-9.29
LOS MILLARES- FORTIN 1,BM 2536,3920,50,36.96,-2.53
CRASTO DE PALHEIROS,Ua 18529*,3920,50,41.4,-7.38
LOS GABRIELES 4,Beta 185649,3920,50,37.56,-6.71
ZAMBUJAL,GrN 6669,4025,95,39.07,-9.29
ZAMBUJAL,KN 4989,3917,50,39.07,-9.29
CASTELO VELHO,GrN 23512,4020,100,41.07,-7.19
EL TARAJAL,CSIC 223,4010,90,36.85,-2.21
ESCOURAL- POVOADO DO,ICEN 611,4010,90,38.6,-8.24
TERRERA VENTURA,I 7422,4015,95,37.05,-2.4
LARRARTE,GrA 20283*,3990,80,43.28,-2.37
CASTANHEIRO DO VENTO,Ua 18044*,3975,75,41.06,-7.32
EL MILAGRO- MINA,OxA 3005*,3990,90,43.33,-5.01
MALHADA,Beta 126090,3980,80,40.68,-7.47
EL CASTILLEJO,GrA 20661*,3980,80,36.88,-4.52
ZAMBUJAL,GrN 7007C,3950,65,39.07,-9.29
FUENTE ALAMO,B 3943,3970,90,37.33,-1.86
CASTELO VELHO,CSIC 1813*,3973,24,41.07,-7.19
CABEZO JURE,Ua 35668*,3975,30,37.56,-7.09
ESTALACTITAS- CUEVA DE LAS,AA*,3955,75,43.38,-4.12
CATALÃO,Wk 7441,3950,80,37.09,-8.89
CASTELO VELHO,Ua 17647*,3945,75,41.07,-7.19
ZAMBUJAL,KIA 27556,3965,32,39.07,-9.29
CHA DE PARADA 1,Gif 7672,3940,80,41.2,-8.01
EL MALAGON,GrN 10148,3930,70,37.57,-2.42
LARRARTE,Ua 10376*,3920,75,43.28,-2.37
CERRO DE LA VIRGEN ,GrN 5597,3920,60,37.73,-2.51
EL MALAGON,UNK 1,3920,70,37.57,-2.42
LECEIA,ICEN 737,3920,70,38.73,-9.28
CABEZO JURE,I 18307,3980,100,37.56,-7.09
A LAGOA,CSIC 899,3900,70,43,-7.98
LECEIA,ICEN 1215,3900,70,38.73,-9.28
FUENTE ALAMO,B 3945,3910,60,37.33,-1.86
LECEIA,ICEN 1218,3910,60,38.73,-9.28
ALCAZABA DE LOJA,UGRA 464,3900,60,37.17,-4.15
LOS MILLARES- POBLADO,Beta 124530*,3900,60,36.97,-2.52
LECEIA,ICEN 1241,3950,90,38.73,-9.28
KOBAEDERRA,0,3900,60,43.34,-2.62
BURACO DA PALA,GrN 19101,3955,25,41.46,-7.29
ESCOURAL- POVOADO DO,ICEN 610,3940,90,38.6,-8.24
LIBRILLA- RAMBLA DE,Ly 7152,3885,60,37.87,-1.33
ALMIZARAQUE,UGRA 164/UtC 2631,3921,74,37.26,-1.79
VALE DE RODRIGO 2,Ua 10831*,3905,75,38.52,-8.05
LECEIA,ICEN 1211,3900,80,38.73,-9.28
MARROQUIES BAJOS,UtC 6457,3942,40,37.78,-3.79
CASTELO VELHO,Ua 20632*,3940,40,41.07,-7.19
PERDIGOES,Beta 289264*,3940,40,38.44,-7.55
CABEZO JURE,Ua 35659*,3940,35,37.56,-7.09
JUNTA DE LOS RIOS,Ua 20481*,3935,40,37.56,-6.71
AGRO DE NOGUEIRA,Beta 231718,3930,40,42.94,-7.98
RIA DE GUERNICA,Beta 218474*,3930,40,43.32,-2.68
EL ARAMO- MINAS DE,OxA 3007*,3900,90,43.19,-5.9
LOS HUSOS I,I 3985,3920,100,42.59,-2.55
SAO PAULO 2,UBAR 630,3870,70,38.68,-9.16
LECEIA,ICEN 1216,3880,80,38.73,-9.28
BERNIOLLO,I 14785,3910,100,42.82,-2.9
CRUZINHA 2- MONTE DA,Sac 1516,3890,90,41.52,-8.74
ZAMBUJAL,KIA 27555,3941,32,39.07,-9.29
LA PIJOTILLA,BM1603,3860,70,38.81,-6.66
MIGUENS 3,Wk 18507,3934,33,38.53,-7.39
PENEDO DE LEXIM,Sac 2069,3930,30,38.89,-9.18
ERAS DEL ALCAZAR,Ua 34707*,3925,35,38.01,-3.37
EL TARAJAL,CSIC 230,3860,80,36.85,-2.21
CERRO DE LA VIRGEN ,GrN 5596,3920,35,37.73,-2.51
CABEZO JURE,Ua 39866*,3917,30,37.56,-7.09
CASTELO VELHO,CSIC 1655,3917,34,41.07,-7.19
AMOREIRA,0,3920,30,39.1,-8.67
ALBALATE,UNK 1,3890,100,37.87,-4.22
CASTELO 1- MAMOA DO,CSIC 1816,3806,32,41.48,-7.4
CASTELO VELHO,Ua 17648*,3850,75,41.07,-7.19
ZARRA DE XOACÕN,Ua 21692*,3925,45,42.64,-8.13
CABEZO JURE,I 18305,3880,100,37.56,-7.09
CABEZO JURE,I 18309,3870,100,37.56,-7.09
SAGRADA I- CUEVA,I 15319,3870,100,37.73,-1.63
MANDUBI-ZELAIA,0,3915,45,43.09,-2.25
CASTANHEIRO DO VENTO,Ua 23431*,3910,45,41.06,-7.32
ALMIZARAQUE,CSIC 646,3910,50,37.26,-1.79
MARROQUIES BAJOS,UtC 6458,3910,50,37.78,-3.79
JUNTA DE LOS RIOS,Ua 20482*,3910,45,37.56,-6.71
EL MALAGON,BM 2540,3900,50,37.57,-2.42
ALMIZARAQUE,CSIC 647,3900,50,37.26,-1.79
CHOUZA DA PONTE,CSIC 1496,3892,28,43.03,-8.18
EL MILAGRO- MINA,OxA 3006*,3850,90,43.33,-5.01
LOS HUSOS I,0,3920,40,42.59,-2.55
EL ARAMO- MINAS DE,Ua 33690*,3920,40,43.19,-5.9
CERRO DE LA VIRGEN ,Beta 124539*,3920,40,37.73,-2.51
MONTECILLO,Beta 288932,3920,40,42.55,-2.67
POÇO VELHO,Beta 244397,3920,40,38.7,-9.42
PORTO DAS CARRETAS,Beta 196681*,3920,40,38.42,-7.35
CAMPOS,GrN 15507,3915,40,37.3,-1.87
EL ARAMO- MINAS DE,Ua 33700*,3915,40,43.19,-5.9
LOS CASTILLEJOS,Beta 135667*,3910,40,37.33,-3.97
CASTELO VELHO,Ua 20630*,3905,40,41.07,-7.19
COIRO- CHAN DO,CSIC 770,3830,80,42.29,-5.08
MIGUENS 4,Wk 18508,3902,38,38.53,-7.39
EL ARAMO- MINAS DE,Ua 33694*,3905,45,43.19,-5.9
MANDUBI-ZELAIA,GrA 22849*,3905,45,43.09,-2.25
MANDUBI-ZELAIA,GrA 22581*,3905,45,43.09,-2.25
MONTE DA VELHA,Beta 194027,3900,40,37.95,-7.34
EL ARAMO- MINAS DE,Ua 33694*,3905,45,43.19,-5.9
CEBOLHINOS 2- HERDADE DOS,Beta 176899,3900,40,38.4,-7.55
LANGATXO,Ua 3328*,3820,85,43.28,-2.37
CASTANHEIRO DO VENTO,Ua 32080*,3895,40,41.06,-7.32
CASTELO VELHO,Ua 20635*,3895,40,41.07,-7.19
MARROQUIES BAJOS,Ua 34550*,3895,40,37.78,-3.79
CERRO DE LA VIRGEN ,GrN 5593,3890,40,37.73,-2.51
CASTANHEIRO DO VENTO,Ua 32083*,3890,45,41.06,-7.32
CERRO DE LA VIRGEN ,Beta 124542*,3890,40,37.73,-2.51
JUNTA DE LOS RIOS,Ua 20483*,3890,45,37.56,-6.71
ZAMBUJAL,KIA 7258,3891,43,39.07,-9.29
MARROQUIES BAJOS,Ua 20267*,3885,40,37.78,-3.79
JUNTA DE LOS RIOS,Ua 23884*,3880,40,37.56,-6.71
CASTELO VELHO,Ua 20629*,3880,45,41.07,-7.19
PRAIA LADEIRA,CSIC 1067,3877,40,42.85,-8.86
ALCALAR 7,Beta 180980*,3860,40,37.2,-8.59
O FIX”N,CSIC 1189,3875,33,42.26,-8.84
GATAS,OxA 4962*,3895,55,37.13,-1.88
CABEZO JURE,I 18308,3850,100,37.56,-7.09
CASTANHEIRO DO VENTO,Ua 18702*,3880,60,41.06,-7.32
LOS MILLARES- FORTIN 1,Beta 125859,3880,60,36.96,-2.53
EL MALAGON,BM 2348,3870,60,37.57,-2.42
CERRO DE LA VIRGEN ,Beta 124543*,3870,60,37.73,-2.51
CABEZO JURE,I 19306,3830,100,37.56,-7.09
ALBALATE,UNK 1,3830,100,37.87,-4.22
CORTIJO DE LA TORRE,I,3830,90,37.9,-4.01
POCITO CHICO,UGRA 552,3830,100,36.7,-6.26
CABEZO JURE,I 18306,3830,100,37.56,-7.09
ALMIZARAQUE,CSIC 655,3890,50,37.26,-1.79
ZAJARA,UNK 1,3820,100,37.28,-1.84
ERAS DEL ALCAZAR,Ua 34709*,3865,35,38.01,-3.37
SERRA GROSSA,Bln 947,3815,100,38.36,-0.45
CASTANHEIRO DO VENTO,Ua 20450*,3970,45,41.06,-7.32
LOS MILLARES- FORTIN 1,BM 2537,3880,50,36.96,-2.53
PORTO DAS CARRETAS,Beta 204062*,3860,40,38.42,-7.35
CASTELO 1- MAMOA DO,CSIC 1815,3862,33,41.48,-7.4
BURACO DA PALA,CSIC 971,3860,30,41.46,-7.29
TIO MELON- RAMBLA DEL,UGRA,3855,40,37.55,-2.86
CERRO DE LA VIRGEN ,GrN 5595,3865,50,37.73,-2.51
ALTO DE LA HUESERA,Beta 321418,3850,30,42.57,-2.57
ZAMBUJAL,KN 4506,3847,34,39.07,-9.29
MADRES MERCEDARIAS,IRPA 1210,3835,30,37.68,-1.7
ALMIZARAQUE,CSIC 269,3860,60,37.26,-1.79
ZAMBUJAL,KN I-117,3860,60,39.07,-9.29
PEDRA ESCORREGADIA,ICEN 1028,3800,100,37.07,-8.92
CABEZO JURE,Ua 22809*,3840,45,37.56,-7.09
LAS PILAS,IRPA 1029,3840,50,37.15,-1.85
CASTANHEIRO DO VENTO,Ua 23429*,3850,40,41.06,-7.32
LOS GABRIELES 4,Beta 185648,3850,40,37.56,-6.71
LOS MILLARES FORTIN 5,Beta 135670,3840,50,36.96,-2.52
SÃO PEDRO DE ESTORIL 2,Beta 178466,3850,40,38.71,-9.37
MENINAS DO CRASTO 4,CSIC 661,3830,50,41.2,-8.02
ARENAZA 1,CSIC 702,3840,70,43.26,-3.1
ILLADE,GrN 19213,3855,60,43.47,-7.88
LOS MILLARES FORTIN 5,Beta 1356871,3840,70,36.96,-2.52
CABRAS,CSIC 1057,3850,60,41.2,-8.05
LOS MILLARES- FORTIN 4,Beta 135669,3830,70,36.96,-2.52
CASTELLON ALTO,Ua 37888*,3840,60,37.45,-3.28
PORTO DAS CARRETAS,Beta 193743*,3840,60,38.42,-7.35
ARENAZA 1,Ua 3903*,3835,55,43.26,-3.1
PE—AJORAO 4,AA 29645*,3830,55,43.39,-3.92
EL TARAJAL,CSIC 224,3820,50,36.85,-2.21
LA VENTA,Beta 150158,3820,50,37.67,-6.71
SANTA MARÕA DE ESTARRONA,I 14589,3780,100,42.86,-2.75
PENEDO DE LEXIM,Sac 2067,3820,50,38.89,-9.18
RORTURA,OxA 5539*,3820,50,38.53,-8.92
COTO DOS MOUROS,CAMS 83116*,3830,60,42.72,-7.91
SAN MIGUEL DE IRURA,0,3840,35,43.17,-2.87
LOS CASTILLEJOS,GrN 7287,3840,35,37.33,-3.97
MONTENEGRO,CSIC 1986,3813,52,42.31,-8.74
EL ARAMO- MINAS DE,Ua 35378*,3840,35,43.19,-5.9
ZAMBUJAL,KIA 7261,3842,37,39.07,-9.29
CERRO DE LA VIRGEN ,GrN 5598,3835,35,37.73,-2.51
EL ARAMO- MINAS DE,Ua 33699*,3840,40,43.19,-5.9
EL ARAMO- MINAS DE,Ua 18632*,3825,60,43.19,-5.9
CEBOLHINOS 2- HERDADE DOS,Beta 177471,3840,40,38.4,-7.55
RUBIRA 12- CALLE,KIK 330/ UtC 3437*,3760,100,37.68,-1.7
ALBARDEIROS- MONTE NOVO DOS,ICEN 529,3760,100,38.4,-7.55
LAS PILAS,IRPA 1030,3820,60,37.15,-1.85
SAMARRA,Sac 1827,3820,60,38.9,-9.43
DOLMEN DE SOTO,Ua 35665,3830,35,37.35,-6.75
ZAMBUJAL,KIA 7257,3836,39,39.07,-9.29
ALAGOA,CSIC 1811,3818,32,41.47,-7.4
CAVA 35- CALLE,KIK 732/UtC 5526*,3830,40,37.68,-1.7
SÃO PEDRO DE ESTORIL 1,Beta 178467,3830,40,38.71,-9.37
EL ARAMO- MINAS DE,Ua 33703*,3825,40,43.19,-5.9
MOURELA 7,CSIC 977,3820,35,43.42,-7.86
LOS MILLARES- FORTIN 1,BM 2345,3820,40,36.96,-2.53
CASTANHEIRO DO VENTO,Ua 32079*,3820,40,41.06,-7.32
SAN BLAS,Beta 178652,3820,40,38.55,-7.29
EL ARAMO- MINAS DE,Ua 35375*,3815,35,43.19,-5.9
PENEDO DE LEXIM,Beta 142451,3820,40,38.89,-9.18
SAO JULIAO,UtC 5610*,3814,36,41.69,-8.39
CERRO DE LA VIRGEN ,Ua 39419*,3802,30,37.73,-2.51
CASTANHEIRO DO VENTO,Ua 32084*,3815,45,41.06,-7.32
A LAGOA,CSIC 1000,3800,30,43,-7.98
CASTELO VELHO,ICEN 1169,3770,130,41.07,-7.19
NARDAKOSTE 4,Ua 11848*,3810,65,43,-2.43
CERRO DE LA VIRGEN ,GrN 5764,3800,35,37.73,-2.51
SAN MIGUEL DE IRURA,0,3800,35,43.17,-2.87
REBOREDO 1,GrN 19214,3820,70,43.5,-7.88
PEÑALOSA,Beta 167222,3800,40,38.17,-3.8
ERAS DEL ALCAZAR,CSIC 1822,3788,32,38.01,-3.37
EL MILAGRO- MINA,Ua 33207*,3785,35,43.33,-5.01
CERRO DE LA VIRGEN ,Ua 39421*,3785,33,37.73,-2.51
CERRO DE LA VIRGEN ,Ua 39420*,3780,32,37.73,-2.51
EL ARAMO- MINAS DE,OxA 1926*,3810,70,43.19,-5.9
ARENAZA 1,CSIC 700,3790,60,43.26,-3.1
CASTANHEIRO DO VENTO,Ua 18040*,3790,60,41.06,-7.32
CASTANHEIRO DO VENTO,Ua 18701*,3790,60,41.06,-7.32
MERCADOR,Sac 1933,3790,60,38.36,-7.31
ARENAZA 1,Ua 3173*,3805,70,43.26,-3.1
CASTANHEIRO DO VENTO,Ua 18042*,3810,75,41.06,-7.32
LAS PILAS,IRPA 1027,3810,50,37.15,-1.85
PORTO TORRAO,Sac 2027,3810,50,38.08,-8.13
RORTURA,OxA 5540*,3810,50,38.53,-8.92
GATAS,KIK 56/ UtC 1438*,3790,70,37.13,-1.88
LAYAZA,Beta 317864,3770,30,42.58,-2.65
PRAIA LADEIRA,CSIC 1018,3770,30,42.85,-8.86
SANTA MARÕA DE ESTARRONA,GrN 28859,3780,60,42.86,-2.75
CERRO DE LA VIRGEN ,Beta 124533,3780,60,37.73,-2.51
ZAMBUJAL,KIA 7259,3801,43,39.07,-9.29
EL ARAMO- MINAS DE,Ua 18629*,3775,65,43.19,-5.9
SÃO PEDRO DE ESTORIL 1,Beta 178468,3790,40,38.71,-9.37
ERAS DEL ALCAZAR,CSIC 1769,3791,45,38.01,-3.37
LOS CASTILLEJOS,Beta 135666,3770,70,37.33,-3.97
COVACHOS- CUEVA DE LOS,Beta 136697,3780,40,37.88,-6.08
EL ARAMO- MINAS DE,Ua 33697*,3780,40,43.19,-5.9
SANTA MARGARIDA 3- HERDADE DE,Beta 166418*,3780,40,38.44,-7.44
EL MILAGRO- MINA,Ua 33209*,3775,35,43.33,-5.01
MENINAS DO CRASTO 4,CSIC 660,3800,50,41.2,-8.02
ALBARDAO- HORTA DO,Beta 261320,3770,40,38.47,-7.7
SANTA MARGARIDA 3- HERDADE DE,Beta 166417*,3770,40,38.44,-7.44
MARROQUIES BAJOS,Ua 21455*,3775,45,37.78,-3.79
CAMEIXA,UtC 7276,3778,49,42.42,-8.16
PENEDO DE LEXIM,Beta 186855,3850,40,38.89,-9.18
MARROQUIES BAJOS,Ua 21804*,3765,45,37.78,-3.79
HALTZERREKA,GrN 26668,3790,80,42.95,-2.23
ARENAZA 1,CSIC 609,3760,50,43.26,-3.1
MARROQUIES BAJOS,CSIC 1240,3760,51,37.78,-3.79
CASTANHEIRO DO VENTO,Ua 23428*,3740,40,41.06,-7.32
ATXOSTE,GrA 9787*,3740,40,42.76,-2.48
FUENTE ALAMO,Bln 4772,3738,39,37.33,-1.86
HALTZERREKA,GrN 26670,3760,60,42.95,-2.23
GATAS,OxA 4963*,3755,55,37.13,-1.88
NOSSA SENHORA DA CONCEICAO DOS OLIVIAIS / ESTREMOZ 7,Wk 17089,3758,36,38.85,-7.62
PILETA- CUEVA DE LA,GifA 98518*,3760,60,36.69,-5.27
FUENTE ALAMO,KIK 2941/ KIA 22261*,3760,25,37.33,-1.86
BORRACHEIRA (o SERRA DA VILA),CAIS 8454,3760,25,39.09,-9.26
BOUCINHAS,AA 63072*,3739,50,41.68,-8.6
TRASTEJON,Beta 165549,3780,80,37.93,-6.39
ARQUINHA DA MOURA,GrA 9577*,3740,50,40.51,-8.01
CERRO DE LA VIRGEN ,GrN 5594,3735,55,37.73,-2.51
EL ARAMO- MINAS DE,Ua 33698*,3730,60,43.19,-5.9
SANTA MARGARIDA 3- HERDADE DE,Beta 166421*,3730,40,38.44,-7.44
CASTELO VELHO,ICEN 1170,3660,130,41.07,-7.19
ANTA DA CABEÇUDA,ICEN 979,3720,45,39.38,-7.38
SERRA DA MUNA 1 ,GrN 24056,3750,25,40.71,-7.9
SANTA VITORIA,ICEN 975,3750,100,39,-7.09
MERCADOR,Sac 1900,3720,80,38.36,-7.31
EL MALAGON,UNK 1,3735,35,37.57,-2.42
LOS GABRIELES 4,Beta 185650,3700,50,37.56,-6.71
EL ARAMO- MINAS DE,Ua 35377*,3725,35,43.19,-5.9
CRASTO DE PALHEIROS,CSIC 1216,3729,39,41.4,-7.38
CASTANHEIRO DO VENTO,Ua 23430*,3720,40,41.06,-7.32
CASTELLONES- CERRO DE LOS,GrN 10149,3720,40,37.45,-3.28
SANTA MARGARIDA 3- HERDADE DE,Beta 166420*,3720,40,38.44,-7.44
SE-B,Beta 225413*,3720,40,37.5,-5.96
MORA- CERRO DE LA,UGRA 262,3710,90,37.21,-3.98
PUNTA DE LOS GAVILANES,KIK 4396/ KIA 32355*,3730,30,37.56,-1.28
MOINHO DE VALADARES,OxA 12715*,3726,29,38.33,-7.37
GATAS,KIK 196/ UtC 2292*,3720,60,37.13,-1.88
ETXEGARATE,0,3715,40,42.95,-2.23
ARQUINHA DA MOURA,GrN 23198,3710,60,40.51,-8.01
FRAGA DA PENA,Sac 1543,3710,60,40.72,-7.46
CERRO DE LA VIRGEN ,Beta 124536,3720,100,37.73,-2.51
LOS GRAJAS,Beta 80370,3710,60,43.33,-3.57
HUERTA MONTERO,GrN 16954,3720,100,38.69,-6.43
ACINIPO / RONDA LA VIEJA,UGRA 360,3720,70,36.83,-5.24
GATAS,KIK 173/ UtC 2284*,3700,60,37.13,-1.88
PORTO TORRAO,Sac 2028,3700,60,38.08,-8.13
SOLACUEVA,I 12082,3710,100,42.87,-2.94
ZAJARA,UNK 1,3710,100,37.28,-1.84
ZAPATERÕA 9- Calle,KIK 337/ UtC 3442*,3700,60,37.68,-1.7
FUENTE ALAMO,Bln 4540,3711,45,37.33,-1.86
LOS HUSOS I,Beta 148058,3710,40,42.59,-2.55
SANTIMAMI—E,Beta 240896,3710,40,43.34,-2.64
CERRO DE LA VIRGEN ,Ua 39407*,3709,41,37.73,-2.51
MORA- CERRO DE LA,UGRA 217,3690,90,37.21,-3.98
CASTANHEIRO DO VENTO,Ua 18043*,3715,75,41.06,-7.32
MARROQUIES BAJOS,CSIC 1345,3705,28,37.78,-3.79
SERRA DA MUNA 2 ,CSIC 1102,3700,30,40.72,-7.89
CERRO DE LA VIRGEN ,Beta 124541,3700,70,37.73,-2.51
MARROQUIES BAJOS,CSIC 1346,3706,34,37.78,-3.79
EL PORTILLO DEL ARENAL- CUEVA DE,AA 20048*,3693,70,42.39,-3.93
GATAS,OxA 4961*,3690,65,37.13,-1.88
ERAS DEL ALCAZAR,Ua 36013*,3705,35,38.01,-3.37
FUENTE ALAMO,B 3933,3690,70,37.33,-1.86
ALMENDRICOS- EL RINC”N DE,UGRA 146,3680,100,37.49,-1.79
PEÑALOSA,I 16063,3680,100,38.17,-3.8
MIR”N- CUEVA DEL,GX 25851*,3700,40,43.25,-3.45
EL ARAMO- MINAS DE,Ua 33689*,3700,40,43.19,-5.9
KOBAEDERRA,OxA 9973*,3673,60,43.34,-2.62
ILLETA DELS BANYETS,Beta 152950,3690,40,38.43,-0.38
TINTES- CALLES DE LOS,OxA 7668*,3690,40,37.68,-1.7
EL MAPA,GrN 19381,3690,40,43.41,-3.86
GOBAEDERRA,I 3984,3660,100,42.84,-2.89
FUENTE ALAMO,B 3661,3680,70,37.33,-1.86
ANTZUZKAR,0,3680,75,42.93,-2.26
EL BARRANQUETE,Beta 301933,3670,40,36.84,-2.21
O VIVEIRO,UtC 5217*,3673,34,42.27,-8.64
CULLALVERA- CUEVA DE LA,GifA 98189*,3670,70,43.26,-3.46
HERRERIAS,CSIC 248,3670,70,37.39,-2.32
GATAS,OxA 4473*,3665,65,37.13,-1.88
COVACHOS- CUEVA DE LOS,Beta 136698,3670,80,37.88,-6.08
LLANO DE LA VIRGEN,GrN 19992,3660,70,36.65,-4.78
EL ARGAR,OxA 4965*,3655,65,37.25,-1.91
ALEGRIOS,UGRA 305,3650,80,40.07,-7.13
ACINIPO / RONDA LA VIEJA,I,3650,80,36.83,-5.24
ACINIPO / RONDA LA VIEJA,UGRA 374,3640,70,36.83,-5.24
PUERTO DE LOS HUERTOS,CNA 341*,3680,50,37.61,-6.53
SE-B,Beta 225412*,3660,40,37.5,-5.96
HORCA- CERRO DE LA,Ua 21803*,3676,30,37.86,-3.75
MARROQUIES BAJOS,CSIC 1344,3676,30,37.78,-3.79
SERRA DA MUNA 2 ,CSIC 1103,3670,30,40.72,-7.89
MERCADOR,OxA 11981*,3664,29,38.36,-7.31
PUNTA DE LOS GAVILANES,KIK 4502/ KIA 33601*,3660,30,37.56,-1.28
MADRES MERCEDARIAS,IRPA 1209,3655,30,37.68,-1.7
CAVA 16-17- CALLE,KIK 2535/ IRPA 1343,3660,35,37.68,-1.7
CASTELO VELHO,CSIC 1333,3650,28,41.07,-7.19
VALENCINA DE LA CONCEPCION,Ua 36023*,3660,55,37.42,-6.08
PUNTA DE LOS GAVILANES,KIK 4397/ KIA 32356*,3650,30,37.56,-1.28
BERRUECO- MONTE,I 13051,3620,80,36.45,-6.04
FUENTE ALAMO,Bln 4539,3670,44,37.33,-1.86
SETEPÕAS,Ua 21849*,3670,45,42.53,-8.78
CATOIRA,K,3670,45,42.68,-8.73
GATAS,KIK 62/ UtC 1442*,3670,50,37.13,-1.88
IFRE,OxA 5049,3610,80,37.55,-1.42
CASTELLON ALTO,Ua 37883*,3665,45,37.45,-3.28
EL BUXU,GrA 2508*,3630,70,43.36,-6.25
PEÑALOSA,Beta 167223,3630,70,38.17,-3.8
LA GARMA B,OxA 7289*,3630,70,43.43,-3.66
CALOR- CUEVA DEL,SUA 2832,3660,50,38.08,-1.81
LECEIA,ICEN 1219,3660,50,38.73,-9.28
FUENTE ALAMO,Bln 4773,3652,39,37.33,-1.86
EL ARAMO- MINAS DE,Ua 24542*,3650,40,43.19,-5.9
PORTO MARINHO- CABECO DE,Wk-3128,3650,50,39.36,-8.94
ARQUINHA DA MOURA,GrA 9255*,3650,50,40.51,-8.01
SIERRA PLANA DE LA BORBOLLA,OxA 6915*,3650,55,43.39,-4.61
PEÑALOSA,I 16352,3640,100,38.17,-3.8
PRAIA DAS MAÇAS,H 2048/ 1458,3650,50,38.82,-9.46
PUNTA DE LOS GAVILANES,KIK 5106/ KIA 37601*,3645,35,37.56,-1.28
SE-B,Beta 225411*,3640,50,37.5,-5.96
ACINIPO / RONDA LA VIEJA,UGRA 375,3640,50,36.83,-5.24
VALE FERREIRO,Ua 19728*,3635,50,42.54,-8.22
FUENTE ALAMO,OxA 4973*,3635,50,37.33,-1.86
CASTANHEIRO DO VENTO,Ua 32087*,3630,45,41.06,-7.32
ZAMBUJAL,GrN 6668,3625,65,39.07,-9.29
TIESTOS- CUEVA DE LOS,HAR 358,3600,80,38.5,-1.37
UMBRÕA DEL CERRO DEL CASTILLO,Beta 68669,3600,80,38.79,-6.26
PENEDO DE LEXIM,Sac 2168,3640,59,38.89,-9.18
EL OFICIO,OxA 4970*,3635,60,37.33,-1.75
GATAS,KIK 194/ UtC 2290*,3630,60,37.13,-1.88
GATAS,OxA 3970*,3630,60,37.13,-1.88
CASA BRANCA 7,Beta 220277,3640,40,37.99,-7.62
REGO DA MURTA 1,Beta 190000*,3640,40,39.77,-8.37
CASTELLON ALTO,Ua 37892*,3640,40,37.45,-3.28
LARRARTE,GrA 20497*,3620,60,43.28,-2.37
PENEDO DE LEXIM,Sac 2156,3640,40,38.89,-9.18
VALENCINA DE LA CONCEPCION,Ua 32043*,3620,55,37.42,-6.08
FUENTE ALAMO,Bln 5049,3633,38,37.33,-1.86
PUNTA DE LOS GAVILANES,KIK 5102/ KIA 37597*,3620,50,37.56,-1.28
OUTEIRO DE GREGOS 1,CSIC 772,3620,50,41.18,-8.04
PUNTA DE LOS GAVILANES,KIK 5098/ KIA 37593*,3625,35,37.56,-1.28
ILLETA DELS BANYETS,Beta 152946,3630,40,38.43,-0.38
EL MILAGRO- MINA,Ua 24538*,3630,40,43.33,-5.01
LOS HUSOS I,Beta 148057,3630,40,42.59,-2.55
ENCINA- CERRO DE LA,GrN 6634,3625,40,37.14,-3.55
CUESTA DEL NEGRO,GrN 7286,3620,35,37.34,-3.23
CERRO DE LA VIRGEN ,Beta 124535,3600,60,37.73,-2.51
VI—AS- CERRO DE LAS,CSIC 1762,3620,41,37.94,-1.81
POYOS DEL MOLINILLO,Ua 21796*,3615,40,36.79,-3.89
ERAS DEL ALCAZAR,Ua 36015*,3620,45,38.01,-3.37
LA PAPUA,Beta 217031*,3610,40,37.95,-6.44
FUENTE ALAMO,B 3940,3610,40,37.33,-1.86
FUENTE ALAMO,B 3663,3600,70,37.33,-1.86
GATAS,KIK 2934/ KIA 22254*,3615,30,37.13,-1.88
LA CEÑUELA,CSIC 141,3590,70,37.67,-1.41
MOLINOS DE PAPEL,KIK 5567/ KIA 39854*,3610,30,38.1,-1.86
ERAS DEL ALCAZAR,CSIC 1821,3611,32,38.01,-3.37
CERRO DE LA VIRGEN ,Beta 124538,3580,70,37.73,-2.51
ARENAZA 1,Ua 3174*,3580,70,43.26,-3.1
FUMO,GifA 99076,3580,70,41,-7.1
MONTE DEVA 5,Beta 165947,3580,70,43.49,-5.59
FUENTE ALAMO,OxA 4971*,3610,50,37.33,-1.86
PRAIA LADEIRA,CSIC 999,3590,30,42.85,-8.86
CUESTA DEL NEGRO,Ua 39480*,3589,31,37.34,-3.23
GATAS,KIK 192/ UtC 2288*,3600,50,37.13,-1.88
GATAS,OxA 4475*,3570,65,37.13,-1.88
ENCINA- CERRO DE LA,Beta 230003*,3590,40,37.14,-3.55
PUNTA DE LOS GAVILANES,KIK 5101/ KIA 37596*,3590,45,37.56,-1.28
TRASTEJON,RCD 447*,3565,65,37.93,-6.39
FUENTE ALAMO,B 3938,3590,50,37.33,-1.86
FUMO,GifA 99077,3560,70,41,-7.1
EL PORTILLO DEL ARENAL- CUEVA DE,AA 29647*,3560,70,42.39,-3.93
GATAS,KIK 57/ UtC 1439*,3580,50,37.13,-1.88
CERRO DE LA VIRGEN ,Ua 39410*,3586,36,37.73,-2.51
ERAS DEL ALCAZAR,Ua 26012*,3575,45,38.01,-3.37
FUENTE ALAMO,KIK 2936/ KIA 22256*,3580,30,37.33,-1.86
SE-K,Beta 225416*,3570,50,37.49,-6.08
MOCISSOS,KIA 31372*,3581,31,38.35,-8.06
ÁGUA BRANCA,Beta 230330,3570,50,41.95,-8.72
PUNTA DE LOS GAVILANES,KIK 5099/ KIA 37594*,3575,35,37.56,-1.28
ENCINA- CERRO DE LA,M 1931,3575,35,37.14,-3.55
CUESTA DEL NEGRO,Ua 39476*,3568,31,37.34,-3.23
CABEZO JURE,CSIC 1481,3568,51,37.56,-7.09
LOS CIPRESES,IRPA 1018,3560,50,37.65,-1.73
CASTELLON ALTO,BM 2541,3560,90,37.45,-3.28
EL PORTILLO DEL ARENAL- CUEVA DE,AA 29648*,3565,55,42.39,-3.93
FUENTE ALAMO,B 3930,3570,60,37.33,-1.86
SERRA DA MUNA 2 ,GrN 20793,3570,60,40.72,-7.89
GATAS,KIK 50/ UtC 1432*,3550,70,37.13,-1.88
GATAS,OxA 10993*,3571,35,37.13,-1.88
ILLETA DELS BANYETS,Beta 152948,3570,40,38.43,-0.38
CATUJAL,ICEN 843,3570,45,38.73,-9.12
CASTELLON ALTO,Ua 37884*,3570,40,37.45,-3.28
FORNO DOS MOUROS 8,Ua 21687*,3565,40,43.67,-7.74
CASTELLON ALTO,Ua 37890*,3565,40,37.45,-3.28
GATAS,OxA 3965*,3560,60,37.13,-1.88
CERRO DE LA VIRGEN ,Ua 39406*,3564,34,37.73,-2.51
ILLETA DELS BANYETS,Beta 236824,3560,40,38.43,-0.38
DEVESA DO REI,Ua 21686*,3555,45,42.78,-8.47
TINTES- CALLES DE LOS,OxA 7667*,3560,35,37.68,-1.7
MARROQUIES BAJOS,Ua 34555*,3555,40,37.78,-3.79
CERRO DE LA VIRGEN ,Beta 124537,3550,60,37.73,-2.51
KOBAEDERRA,AA 29109*,3545,60,43.34,-2.62
FUENTE ALAMO,OxA 4972*,3545,65,37.33,-1.86
PUNTA DE LOS GAVILANES,KIK 5095/ KIA 37951*,3550,35,37.56,-1.28
GATAS,OxA 4964*,3535,60,37.13,-1.88
GATAS,KIK 55/ UtC 1437*,3530,60,37.13,-1.88
TRASTEJON,Beta 178656,3530,60,37.93,-6.39
GATAS,OxA 3969*,3530,60,37.13,-1.88
ERAS DEL ALCAZAR,Ua 26020*,3545,45,38.01,-3.37
TRASTEJON,Beta 217033*,3530,40,37.93,-6.39
CABEZO PARDO,Beta 268980,3500,40,38.16,-0.85
CABEZO PARDO,Beta 258468,3530,40,38.16,-0.85
BOLORES,Beta 235487,3530,40,39.08,-9.29
EL TABAY¡,KIA 38217*,3557,26,38.33,-0.72
FUENTE ALAMO,KIA 18999,3555,28,37.33,-1.86
GATAS,OxA 4472*,3520,80,37.13,-1.88
CASTELLON ALTO,Ua 37891*,3530,45,37.45,-3.28
GATAS,KIK 193/ UtC 2289*,3530,50,37.13,-1.88
EL OFICIO,OxA 4968*,3530,50,37.33,-1.75
ZAMBUJAL,KN I-115,3530,65,39.07,-9.29
LA GARMA A,AA 29108*,3520,50,43.43,-3.66
LA TRAVIESA,RCD 2110,3520,60,37.87,-6.97
FUENTE ALAMO,Bln 4541,3510,54,37.33,-1.86
FRADE- MONTE DO,ICEN 967,3510,50,40.14,-7.14
SETEFILLA- LA MESA DE,I 11070,3520,95,37.73,-5.48
LOS CIPRESES,KIK 242/ UtC 2738*,3510,90,37.65,-1.73
POMAR- HERDADE DE,ICEN 87,3510,45,37.97,-8.08
ARENAZA 1,0,3530,70,43.26,-3.1
ALTO DE LA HUESERA,Beta 321417,3550,30,42.57,-2.57
EL SOTILLO,Beta 299310,3550,30,42.57,-2.62
CRUCES- CABECICO DE LAS (CERRO DE LAS),SUA 1477,3530,70,38.27,-1.37
CUESTA DEL NEGRO,Ua 39478*,3548,30,37.34,-3.23
UMBRÕA DEL CERRO DEL CASTILLO,Beta 68668,3520,70,38.79,-6.26
FUENTE ALAMO,B 3651,3500,90,37.33,-1.86
PUNTA DE LOS GAVILANES,KIK 5655/ KIA 40420*,3535,30,37.56,-1.28
PUNTA DE LOS GAVILANES,KIK 5650/ KIA 40417*,3535,30,37.56,-1.28
CUESTA DEL NEGRO,Ua 39487*,3534,34,37.34,-3.23
EL BARRANQUETE,Beta 301934,3530,30,36.84,-2.21
LOS CIPRESES,KIK 1475/ KIA 11226*,3530,30,37.65,-1.73
CERRO DE LA VIRGEN ,Ua 39412*,3525,33,37.73,-2.51
MANDUBI-ZELAIA,Ua 35042*,3520,35,43.09,-2.25
GATAS,OxA 7764*,3520,35,37.13,-1.88
PORTO TORRAO,Sac,3490,90,38.08,-8.13
FUENTE ALAMO,B 3645,3490,90,37.33,-1.86
CRUZINHA 2- MONTE DA,Sac 1515,3490,90,41.52,-8.74
EL ARAMO- MINAS DE,Ua 33687*,3515,35,43.19,-5.9
CUESTA DEL NEGRO,Ua 39486*,3521,30,37.34,-3.23
FUENTE ALAMO,B 3643,3510,80,37.33,-1.86
PUNTA DE LOS GAVILANES,KIK 4503/ KIA 33602*,3515,30,37.56,-1.28
CERRO DE LA VIRGEN ,Beta 124534,3500,70,37.73,-2.51
CUESTA DEL NEGRO,Ua 39464*,3508,30,37.34,-3.23
CASTELLON ALTO,Ua 37893*,3520,40,37.45,-3.28
JARDIN DE ALA,Beta 225410*,3520,40,37.46,-6.05
ERAS DEL ALCAZAR,CSIC 1820,3504,31,38.01,-3.37
CERRO DE LA VIRGEN ,Beta 124540,3490,70,37.73,-2.51
SETEFILLA- LA MESA DE,I 11069,3470,95,37.73,-5.48
CUESTA DEL NEGRO,Ua 39481*,3511,30,37.34,-3.23
CERRO DE LA VIRGEN ,Ua 39402*,3500,35,37.73,-2.51
ETXEGARATE,0,3510,40,42.95,-2.23
MADRES MERCEDARIAS,OxA 7672*,3510,40,37.68,-1.7
REGO DA MURTA 1,Beta 189999*,3510,40,39.77,-8.37
CASTELLON ALTO,Ua 37881*,3510,40,37.45,-3.28
ORCA DA PENELA 1,GrN 23065,3510,40,40.51,-8.02
FUENTE ALAMO,B 3649,3500,60,37.33,-1.86
LLOMA REDONA,ETH 10422*,3500,60,38.41,-0.71
ETXEGARATE,0,3505,40,42.95,-2.23
PEÑALOSA,Beta 167224,3490,60,38.17,-3.8
GATAS,OxA 3968*,3490,60,37.13,-1.88
MADORRAS 1,GrA 884*,3500,40,41.3,-7.61
CUESTA DEL NEGRO,Ua 39463*,3505,30,37.34,-3.23
ILLETA DELS BANYETS,Beta 240411,3500,40,38.43,-0.38
SE-K,Beta 225415*,3500,40,37.49,-6.08
CASTANHEIRO DO VENTO,Ua 18694*,3485,60,41.06,-7.32
GATAS,KIK 51/ UtC 1433*,3480,60,37.13,-1.88
TERRERA DEL RELOJ,BM 2543,3490,50,37.59,-3.01
URRATXA III,Ua 11431*,3475,80,43.05,-2.8
TRASTEJON,Beta 178659*,3490,40,37.93,-6.39
CASTELLON ALTO,Ua 37879*,3490,40,37.45,-3.28
ILLETA DELS BANYETS,Beta 236822,3490,40,38.43,-0.38
CUESTA DEL NEGRO,Ua 39475*,3499,30,37.34,-3.23
PUNTA DE LOS GAVILANES,KIK 5100/ KIA 37595*,3485,40,37.56,-1.28
FUENTE ALAMO,Bln 5048,3483,38,37.33,-1.86
GATAS,KIA 2938/ KIA 22258*,3495,30,37.13,-1.88
EL PICACHO,OxA 5051*,3475,65,37.49,-2.23
CASTELLON ALTO,Ua 37894*,3480,40,37.45,-3.28
EL TABAY¡,Beta 240409*,3480,40,38.33,-0.72
CASTANHEIRO DO VENTO,Ua 20449*,3475,40,41.06,-7.32
CASTELO VELHO,GrN 23510,3460,80,41.07,-7.19
CASTELLON ALTO,Ua 37885*,3475,40,37.45,-3.28
FUENTE ALAMO,B 3650,3470,60,37.33,-1.86
EL PICACHO,CSIC 156,3450,120,37.49,-2.23
EL ARGAR,OxA 4966*,3460,60,37.25,-1.91
LOS CIPRESES,KIK 971/ UtC 7937*,3490,30,37.65,-1.73
CERRO DE LA VIRGEN ,Ua 39414*,3487,30,37.73,-2.51
ALCAIDE,GrN 16064,3340,90,37.18,-4.48
CERRO DE LA VIRGEN ,Ua 39401*,3488,34,37.73,-2.51
ENCINA- CERRO DE LA,UNK 1,3485,35,37.14,-3.55
FUENTE ALAMO,B 3929,3460,70,37.33,-1.86
CAMPO DE GOLF,CSIC 1109,3475,28,42.3,-8.69
PEÑALOSA,Beta 167225*,3470,40,38.17,-3.8
EL BARRANQUETE,Beta 301932,3470,40,36.84,-2.21
CERRO DE LA VIRGEN ,Ua 39400*,3479,33,37.73,-2.51
LOS CIPRESES,KIK 1486/ KIA 11235*,3475,30,37.65,-1.73
LOS CIPRESES,KIK 1474/ KIA 11225*,3475,30,37.65,-1.73
PUNTA DE LOS GAVILANES,KIK 5652/ KIA 40419*,3475,30,37.56,-1.28
FUENTE ALAMO,KIA 18997,3470,25,37.33,-1.86
CUESTA DEL NEGRO,Ua 39479*,3472,30,37.34,-3.23
TRASTEJON,RCD 448,3450,80,37.93,-6.39
GATAS,KIK 2937/ KIA 22257*,3470,35,37.13,-1.88
CUESTA DEL NEGRO,Ua 39468*,3469,30,37.34,-3.23
ZAMBUJAL,KIA 27566,3467,36,39.07,-9.29
CERRO DE LA VIRGEN ,Ua 39398*,3466,35,37.73,-2.51
CERRO DE LA VIRGEN ,Ua 39405*,3468,34,37.73,-2.51
CASTANHEIRO DO VENTO,Ua 23427*,3460,40,41.06,-7.32
BARRANCO DE LA VIUDA,KIA 35570*,3465,35,37.67,-1.57
CABEZO PARDO,Beta 237765,3460,40,38.16,-0.85
CUESTA DEL NEGRO,Ua 39482*,3467,31,37.34,-3.23
SE-K,Beta 225417*,3460,40,37.49,-6.08
BARRANCO DE LA VIUDA,KIA 35559*,3465,35,37.67,-1.57
CRASTO DE PALHEIROS,Ua 22214*,3460,45,41.4,-7.38
CASTELLON ALTO,Ua 37880*,3455,40,37.45,-3.28
ZAMBUJAL,KN 4507,3466,53,39.07,-9.29
CUESTA DE LA ENCINA A,OxA 6912*,3460,50,42.37,-3.7
SOLA,CSIC 1139,3450,37,41.58,-8.42
RINCON DE OLVERA,UGRA 345,3420,80,38.14,-3.28
MANDUBI-ZELAIA,I 19025,3420,80,43.09,-2.25
MOCISSOS,KIA 31371*,3456,31,38.35,-8.06
FUENTE ALAMO,B 3644,3420,90,37.33,-1.86
FUENTE ALAMO,Bln 4770,3449,48,37.33,-1.86
PUNTA DE LOS GAVILANES,KIK 5654/ KIA 40421*,3445,35,37.56,-1.28
ZAPATA,OxA 5048*,3455,55,37.54,-1.49
CERRO DE LA VIRGEN ,Ua 39399*,3437,34,37.73,-2.51
PUNTA DE LOS GAVILANES,KIK 5104/ KIA 37599*,3445,30,37.56,-1.28
PUNTA DE LOS GAVILANES,KIK 5107/ KIA 37602*,3445,30,37.56,-1.28
TERRERA DEL RELOJ,BM 2354,3440,50,37.59,-3.01
FUENTE ALAMO,OxA 5047*,3435,55,37.33,-1.86
EL ARAMO- MINAS DE,Ua 33682*,3440,30,43.19,-5.9
BUGALHO,Beta 120049,3450,40,37.89,-7.64
TAPADA DA AJUDA,ICEN 96,3450,40,38.71,-9.18
CERRO DE LA VIRGEN ,Ua 39413*,3433,30,37.73,-2.51
CASTELLON ALTO,Ua 37886*,3445,40,37.45,-3.28
PUNTA DE LOS GAVILANES,KIK 5103/ KIA 37598*,3430,30,37.56,-1.28
PUNTA DE LOS GAVILANES,KIK 5097/ KIA 37592*,3430,30,37.56,-1.28
PENA D'AGUA- ABRIGO DA,Sac 1822,3430,30,39.58,-8.55
CERRO DE LA VIRGEN ,Ua 39415*,3429,31,37.73,-2.51
EL SOTILLO,Beta 299101,3430,30,42.57,-2.62
PUNTA DE LOS GAVILANES,KIK 5659/ KIA 40426*,3425,30,37.56,-1.28
KANPANOSTE GOIKOA,BrN 20213,3430,60,42.76,-2.48
TRASTEJON,CNA 38*,3437,36,37.93,-6.39
EL PICACHO,CSIC 157,3390,120,37.49,-2.23
MADRES MERCEDARIAS,OxA 7671*,3435,35,37.68,-1.7
BOUCA DO FRADE,ICEN 784,3440,45,41.17,-8.05
FRAGA DO ZORRO,CSIC 1201,3438,43,41.93,-7.4
LLANO DE LA VIRGEN,GrN 19990,3440,40,36.65,-4.78
CABEZO PARDO,Beta 258466,3440,40,38.16,-0.85
LA TRAVIESA,RCD 2111,3420,60,37.87,-6.97
BOUCA DO FRADE,ICEN 443,3430,45,41.17,-8.05
TAPADA DA AJUDA,ICEN 98,3430,45,38.71,-9.18
ETXEGARATE,0,3435,40,42.95,-2.23
CASTELLON ALTO,Ua 37889*,3435,40,37.45,-3.28
LAS MINITAS,Beta 142035,3430,50,38.7,-6.41
LA HOYA,I 12522,3410,90,42.57,-2.59
FUENTE ALAMO,B 3942,3430,40,37.33,-1.86
EL ARAMO- MINAS DE,Ua 33693*,3410,60,43.19,-5.9
TORRE VELHA 3,Sac 2490 ,3410,60,37.93,-7.53
CASTANHEIRO DO VENTO,Ua 23425*,3415,45,41.06,-7.32
EL OFICIO,OxA 4969*,3405,70,37.33,-1.75
URRATXA III,Ua 11430*,3405,70,43.05,-2.8
CERRO DE LA VIRGEN ,Ua 39403*,3426,34,37.73,-2.51
EL CASTILLICO,UGRA 579,3400,70,37.45,-2.35
CASTELLON ALTO,Ua 37887*,3425,40,37.45,-3.28
CUESTA DEL NEGRO,Ua 39471*,3418,30,37.34,-3.23
EL ARAMO- MINAS DE,Ua 33683*,3415,35,43.19,-5.9
CASTANHEIRO DO VENTO,Ua 18700*,3400,60,41.06,-7.32
FUENTE ALAMO,B 3646,3400,60,37.33,-1.86
CUESTA DEL NEGRO,Ua 39474*,3414,30,37.34,-3.23
ENCINA- CERRO DE LA,Beta 230009*,3420,40,37.14,-3.55
CUESTA DEL NEGRO,Ua 39483*,3411,30,37.34,-3.23
CUESTA DEL NEGRO,Ua 39473*,3413,30,37.34,-3.23
CUESTA DE SAN CAYETANO,AA 17905*,3410,50,38.02,-1.1
COFRESNEDO-  CUEVA DE,GrA 17739*,3410,50,43.32,-3.6
EL PICACHO,OxA 5050*,3390,65,37.49,-2.23
FUENTE ALAMO,B 3928,3400,50,37.33,-1.86
BARRANCO DE LA VIUDA,KIA 35571*,3425,35,37.67,-1.57
CUESTA DEL NEGRO,Ua 39488*,3413,31,37.34,-3.23
PUNTA DE LOS GAVILANES,KIK 5105/ KIA 37600*,3410,30,37.56,-1.28
LAS VENTANAS,UGRA 541,3380,90,37.44,-3.43
PILETA- CUEVA DE LA,GifA 98176*,3380,70,36.69,-5.27
ZAMBUJEIRO- ANTA GRANDE DO,Beta 243693,3410,40,38.54,-8.01
LOS HUSOS I,Beta 148055,3410,40,42.59,-2.55
LA GARMA A,OxA 7154*,3400,45,43.43,-3.66
CERRO DE LA VIRGEN ,Ua 39422*,3406,30,37.73,-2.51
EL ARAMO- MINAS DE,Ua 33688*,3400,30,43.19,-5.9
BARRANCO DE LA VIUDA,KIA 35569*,3400,35,37.67,-1.57
PUNTA DE LOS GAVILANES,KIK 5108/ KIA 37603*,3395,30,37.56,-1.28
CUESTA DEL NEGRO,Ua 39493*,3396,32,37.34,-3.23
PUNTA DE LOS GAVILANES,KIK 5651/ KIA 40418*,3390,30,37.56,-1.28
CERRO DE LA VIRGEN ,Ua 39423*,3395,35,37.73,-2.51
CERRO DE LA VIRGEN ,Ua 39411*,3391,34,37.73,-2.51
EL SOTILLO,Beta 299311,3380,30,42.57,-2.62
TRASTEJON,Beta 178657*,3400,40,37.93,-6.39
CASTRO GRANDE DE NEIX”N,Ua 34405*,3400,40,42.66,-8.84
LOS HUSOS I,Beta 149399,3400,40,42.59,-2.55
MEDNIGANA,GrA 26547*,3400,40,43.09,-2.8
PUNTA DE LOS GAVILANES,KIK 4406/ KIA 32365*,3380,25,37.56,-1.28
CERRO DE LA VIRGEN ,Ua 39404*,3394,36,37.73,-2.51
ILLETA DELS BANYETS,Beta 188927,3390,40,38.43,-0.38
CABEZO PARDO,Beta 237766,3390,40,38.16,-0.85
GATAS,IRPA 1063,3390,60,37.13,-1.88
PUNTA DE LOS GAVILANES,KIK 4407/ KIA 32366*,3385,35,37.56,-1.28
FUENTE ALAMO,B 3932,3390,60,37.33,-1.86
CASTELO VELHO,GrA 9442*,3380,40,41.07,-7.19
CUESTA DEL NEGRO,Ua 39477*,3377,32,37.34,-3.23
CUESTA DEL NEGRO,Ua 39470*,3378,32,37.34,-3.23
ETXEGARATE,0,3375,40,42.95,-2.23
ETXEGARATE,0,3375,40,42.95,-2.23
CUESTA DEL NEGRO,Ua 39467*,3375,32,37.34,-3.23
PUNTA DE LOS GAVILANES,KIK 4398/ KIA 32357*,3370,40,37.56,-1.28
TRASTEJON,Beta 165547*,3390,50,37.93,-6.39
EL ARAMO- MINAS DE,Ua 33686*,3370,35,43.19,-5.9
FUENTE ALAMO,B 3660,3380,60,37.33,-1.86
GATAS,OxA 3967*,3380,60,37.13,-1.88
PUNTA DE LOS GAVILANES,KIK 5658/ KIA 40425*,3360,35,37.56,-1.28
CASTANHEIRO DO VENTO,Ua 18699*,3375,60,41.06,-7.32
EL ARGAR,OxA 4967*,3375,60,37.25,-1.91
CUESTA DEL NEGRO,Ua 39485*,3365,30,37.34,-3.23
BARROCAL DAS FREIRAS,Wk 17086,3355,35,37.62,-8.25
CARRASCALEJO,Poz 19929,3350,35,39.03,-6.33
EL SOTILLO,Beta 299312,3360,30,42.57,-2.62
EL SOTILLO,Beta 299302,3360,30,42.57,-2.62
CUESTA DEL NEGRO,Ua 39484*,3355,31,37.34,-3.23
EL ARAMO- MINAS DE,Ua 18630*,3365,60,43.19,-5.9
ALEGRIOS,ICEN 166,3380,45,40.07,-7.13
LA GARMA B,OxA 7248*,3375,45,43.43,-3.66
FUENTE ALAMO,Bln 4537,3368,80,37.33,-1.86
URRATXA III,Ua 11432*,3365,80,43.05,-2.8
FORXA,Ua 21961*,3370,44,41.93,-7.33
GATAS,KIK 49/ UtC 1354*,3370,50,37.13,-1.88
CASTANHEIRO DO VENTO,Ua 23433*,3360,40,41.06,-7.32
CASTELO VELHO,Ua 20636*,3360,40,41.07,-7.19
PEREDO,AA 45580*,3370,50,43.43,-3.67
GATAS,OxA 3961*,3355,60,37.13,-1.88
ATXOSTE,GrA 9786*,3360,40,42.76,-2.48
TAPADA DA AJUDA,ICEN 97,3370,50,38.71,-9.18
CASTENAIRAS / CASTONAIRAS,OxA 7436*,3365,45,40.83,-7.76
ETXEGARATE,0,3360,45,42.95,-2.23
ESPOLÓN DE TRAGALAMOCHA,AA 34708*,3360,45,36.76,-3.87
ENCINA- CERRO DE LA,Beta 230004*,3350,40,37.14,-3.55
OUTEIRO DE GREGOS 1,CSIC 771,3360,50,41.18,-8.04
LOS HUSOS I,Beta 136041,3360,50,42.59,-2.55
ILLETA DELS BANYETS,Beta 188926,3360,50,38.43,-0.38
EL MILAGRO- MINA,Ua 24550*,3355,45,43.33,-5.01
TRASTEJON,CNA 36*,3355,52,37.93,-6.39
TRASTEJON,Beta 217032*,3350,50,37.93,-6.39
FUENTE ALAMO,B 3931,3350,50,37.33,-1.86
ILLETA DELS BANYETS,Beta 236823,3340,40,38.43,-0.38
EL TABAY¡,Beta 240410*,3340,40,38.33,-0.72
CABEZO NEGRO,IRPA 1099,3340,45,37.56,-1.48
LA GARMA A,OxA 7152*,3340,45,43.43,-3.66
ESPOLÓN DE TRAGALAMOCHA,AA 34709*,3340,45,36.76,-3.87
GATAS,IRPA 1062,3340,60,37.13,-1.88
TAPADA DA AJUDA,ICEN 99,3340,40,38.71,-9.18
TORRE VELHA 3,Sac 2480,3340,50,37.93,-7.53
ENCINA- CERRO DE LA,Beta 230006*,3330,40,37.14,-3.55
PRADOS ,Ua 19729*,3325,45,41.82,-8.38
CASTANHEIRO DO VENTO,Ua 32085*,3320,45,41.06,-7.32
MOINHO DE VALADARES,Sac 1823,3320,45,38.33,-7.37
O FUXI—O,CSIC 2087,3370,25,42.53,-8.02
CAMPANA- CERRO DE LA,CSIC 450,3320,50,38.6,-1.13
VALE FERREIRO,Ua 19500*,3315,50,42.54,-8.22
CAMPANA- CERRO DE LA,CSIC 445,3310,50,38.6,-1.13
LA GARMA A,TO 11239*,3320,60,43.43,-3.66
CAMPANA- CERRO DE LA,CSIC 446,3310,50,38.6,-1.13
CASTELO VELHO,CSIC 1713,3302,50,41.07,-7.19
CAMPANA- CERRO DE LA,CSIC 448,3300,50,38.6,-1.13
TORRE VELHA 3,Sac 2465,3300,50,37.93,-7.53
GATAS,KIK 2935/ KIA 22255*,3360,25,37.13,-1.88
EL ARAMO- MINAS DE,Ua 33685*,3345,30,43.19,-5.9
TERRERA VENTURA,I 8703,3325,90,37.05,-2.4
SOLA,UtC 5657*,3343,30,41.58,-8.42
CUESTA DEL NEGRO,Ua 39490*,3339,30,37.34,-3.23
GATAS,KIK 2940/ KIA 22260*,3335,30,37.13,-1.88
GATAS,IRPA 1064,3330,70,37.13,-1.88
MADORRA DA GRANXA,CSIC 1375,3329,27,43.14,-7.52
O FUXI—O,CSIC 2089,3325,26,42.53,-8.02
KANPANOSTE GOIKOA,I 16365,3310,90,42.76,-2.48
MOCISSOS,KIA 30547*,3314,23,38.35,-8.06
SOLA,CSIC 1186,3338,33,41.58,-8.42
BERRUECO- MONTE,I 13050,3310,80,36.45,-6.04
GATAS,OxA 3963*,3310,60,37.13,-1.88
ILLETA DELS BANYETS,Beta 188925,3310,60,38.43,-0.38
EL MILAGRO- MINA,Ua 24537*,3520,40,43.33,-5.01
O FUXI—O,CSIC 2088,3318,27,42.53,-8.02
ILLETA DELS BANYETS,Beta 236821,3320,40,38.43,-0.38
CERRO DE LA VIRGEN ,Ua 39416*,3323,31,37.73,-2.51
EL SOTILLO,Beta 299309,3320,30,42.57,-2.62
GATAS,OxA 3966*,3300,60,37.13,-1.88
EL ARAMO- MINAS DE,Ua 18631*,3310,65,43.19,-5.9
EL ARAMO- MINAS DE,Ua 33684*,3315,40,43.19,-5.9
CUESTA DEL NEGRO,Ua 39472*,3316,30,37.34,-3.23
TRASTEJON,CNA 35*,3320,37,37.93,-6.39
TAPADO DA CALDEIRA,KN 2769,3290,55,41.17,-8.05
SOLA,UtC 4785*,3315,40,41.58,-8.42
PUNTA DE LOS GAVILANES,KIK 5116/ KIA 37611*,3305,30,37.56,-1.28
CRASTO DE PALHEIROS,Ua 22215*,3305,45,41.4,-7.38
CRASTO DE PALHEIROS,Sac 1971,3895,45,41.4,-7.38
CRASTO DE PALHEIROS,CSIC 1963,4129,42,41.4,-7.38
CRASTO DE PALHEIROS,CSIC 1964,3950,42,41.4,-7.38
PEÑALOSA,Beta 167226,3300,70,38.17,-3.8
GATAS,OxA 3964*,3285,60,37.13,-1.88
BERMEJALES- PANTANO DE LOS- SEPULTURA 8,Beta 301936,3300,30,37.01,-3.89
TORRE VELHA 3,Sac 2489,3300,45,37.93,-7.53
GATAS,KIK 54/ UtC 1436*,3280,60,37.13,-1.88
PUNTA DE LOS GAVILANES,KIK 5109/ KIA 37604*,3300,35,37.56,-1.28
ETXEGARATE,0,3300,40,42.95,-2.23
CABEZO PARDO,Beta 258467,3300,40,38.16,-0.85
TORRE VELHA 3,Beta 262199,3300,40,37.93,-7.53
CUESTA DEL NEGRO,Ua 39489*,3288,34,37.34,-3.23
CERRO DE LA VIRGEN ,Ua 39397*,3286,34,37.73,-2.51
CUESTA DEL NEGRO,Ua 39492*,3287,32,37.34,-3.23
ILLETA DELS BANYETS,Beta 152947,3270,40,38.43,-0.38
EL ARAMO- MINAS DE,Ua 33206*,3285,35,43.19,-5.9
EL MILAGRO- MINA,Ua 33206*,3285,35,43.33,-5.01
FUENTE ALAMO,B 3659,3290,80,37.33,-1.86
ALCALAR 7,Beta 180982*,3280,40,37.2,-8.59
CHABOLA DE LA HECHICERA,Beta 288936,3280,40,42.57,-2.55
ENCINA- CERRO DE LA,Beta 230005*,3280,40,37.14,-3.55
CUESTA DEL NEGRO,Ua 39494*,3276,34,37.34,-3.23
FUENTE ALAMO,B 3652,3280,70,37.33,-1.86
VALDAVARA,Beta 235729*,3270,40,42.84,-7.14
GASTIBURU,CSIC 703,3260,60,43.3,-2.62
GATAS,OxA 3962*,3260,60,37.13,-1.88
EL ARAMO- MINAS DE,Ua 35374*,3270,35,43.19,-5.9
PESSEGUEIRO II/16,ICEN 867,3270,45,37.83,-8.79
ALAPRAIA 4,Beta 178462,3260,40,38.71,-9.38
O FUXI—O,CSIC 2090,3292,27,42.53,-8.02
CUESTA DEL NEGRO,Ua 39466*,3281,30,37.34,-3.23
CUESTA DEL NEGRO,Ua 39462*,3275,30,37.34,-3.23
VALENCINA DE LA CONCEPCION,Ua 32887*,3265,75,37.42,-6.08
GATAS,OxA 2856*,3250,70,37.13,-1.88
GATAS,OxA 2854*,3250,70,37.13,-1.88
FUENTE ALAMO,B 3653,3250,70,37.33,-1.86
CUESTA DEL NEGRO,Ua 39491*,3254,33,37.34,-3.23
GATAS,OxA 2855*,3230,70,37.13,-1.88
ZORROZTARRI,0,3280,90,42.98,-2.26
FUENTE ALAMO,Bln 5453,3248,31,37.33,-1.86
LA GARMA A,OxA 7153*,3265,45,43.43,-3.66
CABEZOS VIEJOS,KIK 2218/KIA 17405*,3255,25,38.12,-1.28
MADORRA DA GRANXA,CSIC 1377,3246,28,43.14,-7.52
CUESTA DEL NEGRO,Ua 39465*,3242,30,37.34,-3.23
CASTELO VELHO,Sac 1519,3250,50,41.07,-7.19
CASTENAIRAS / CASTONAIRAS,GrA 9314*,3250,50,40.83,-7.76
OUTEIRO DE GREGOS 5,CSIC 773,3250,60,41.18,-8.04
ARRIKRUTZ,GrA 11495*,3240,50,43,-2.43
TORRE VELHA 3,Sac 2466,3250,60,37.93,-7.53
VALDAVARA,Beta 235730*,3250,40,42.84,-7.14
ALCACER DO SAL- CASTELO DE,CSIC 635,3230,50,38.37,-8.55
GATAS,KIK 3093/ KIA 23414*,3210,25,37.13,-1.88
SAN CRISTOBAL,0,3240,40,42.6,-2.62
MIR”N- CUEVA DEL,GX 28013*,3230,40,43.25,-3.45
BARROCAL ALTO,UGRA 223,3230,100,41.27,-6.55
BELMEQUE,ICEN 142,3230,60,39.06,-7.54
ALEGRIOS,ICEN 606,3220,60,40.07,-7.13
EL ARAMO- MINAS DE,Ua 18634*,3215,55,43.19,-5.9
EL ARAMO- MINAS DE,Ua 33696*,3225,40,43.19,-5.9
CUESTA DE SAN CAYETANO,AA 17904*,3220,40,38.02,-1.1
TAPADO DA CALDEIRA,KN 2770,3210,55,41.17,-8.05
CASTELHANAS,OxA 5432*,3220,65,39.41,-7.31
EL ARAMO- MINAS DE,Ua 35376*,3225,35,43.19,-5.9
CERRO DE LA VIRGEN ,Ua 39408*,3216,33,37.73,-2.51
GATAS,KIK 208/ UtC 2628*,3190,60,37.13,-1.88
CASTELO VELHO,ICEN 1171,3200,45,41.07,-7.19
CABEZO NEGRO,KIK 175/UtC 2629*,3190,80,37.56,-1.48
FUENTE ALAMO,B 3941,3200,50,37.33,-1.86
CERRO DE LA VIRGEN ,Ua 39409*,3187,31,37.73,-2.51
LOS HUSOS I,Beta 149400,3190,40,42.59,-2.55
FUENTE ALAMO,KIA 18998,3165,27,37.33,-1.86
ALCAIDE,GrN 16061,3180,100,37.18,-4.48
CUESTA DEL NEGRO,BM 2542,3180,50,37.34,-3.23
QURENIMA,OxA 5028*,3200,65,37.21,-1.93
BERMEJALES- PANTANO DE LOS- SEPULTURA 8,Beta 301937,3160,30,37.01,-3.89
EL SOTILLO,Beta 299307,3160,30,42.57,-2.62
CUESTA DEL NEGRO,GrN 7285,3160,35,37.34,-3.23
MEZQUITILLA- MORRO DE,B 4181,3160,50,36.74,-4.04
CASTELO VELHO,GrN 23507,3150,45,41.07,-7.19
EL ARAMO- MINAS DE,Ua 33692*,3150,45,43.19,-5.9
ENCINA- CERRO DE LA,Beta 230010*,3140,40,37.14,-3.55
PUNTA DE LOS GAVILANES,KIK 4405/ KIA 32364*,3155,25,37.56,-1.28
MENDIGANA,Beta 173896*,3130,40,43.09,-2.8
GATAS,KIK 3092/ KIA 23413*,3135,25,37.13,-1.88
A LAGOA,CSIC 901,3140,70,43,-7.98
CUESTA DEL NEGRO,Ua 39469*,3132,30,37.34,-3.23
SAN CRISTOBAL,0,3120,30,42.6,-2.62
FUENTE ALAMO,Bln 5050,3122,32,37.33,-1.86
EL SOTILLO,Beta 299303,3120,30,42.57,-2.62
ARENAZA 1,CSIC 701,3110,50,43.26,-3.1
CASTELO VELHO,GrA 9241*,3110,50,41.07,-7.19
PE—A OVIEDO,GrN 20885,3100,25,42.14,-4.74
MURVIEDRO,KIK 3944/ KIA 29172*,3090,30,37.68,-1.71
PENEDOS GRANDES,CSIC 1833,3084,30,41.85,-8.39
CASINHA DERRIBADA 3,OxA 4910*,3115,65,40.73,-7.86
PASTORIA,Ly 3375,3040,140,41.73,-7.56
KATILLOTXU 1,Beta 259126*,3110,40,43.4,-2.72
MOCISSOS,KIA 30548*,3083,25,38.35,-8.06
MONTE BUXEL,CSIC 1266,3103,44,42.28,-8.57
GATAS,IRPA 1061,3090,60,37.13,-1.88
CUESTA DEL NEGRO,GrN 7284,3095,35,37.34,-3.23
GATAS,IRPA 1083,3080,60,37.13,-1.88
ALBARDAO- HORTA DO,Sac 2252,3080,60,38.47,-7.7
LLANETE DE LOS MOROS,CSIC 795,3060,60,38.02,-4.38
SAO JULIAO,ICEN 1020,3070,45,41.69,-8.39
MANDUBI-ZELAIA,I 19024,3080,80,43.09,-2.25
GATAS,KIK 3091/ KIA 23412*,3075,30,37.13,-1.88
UNANIBI,0,3085,75,42.97,-2.22
ETXEGARATE,0,3070,30,42.95,-2.23
TAPADA  DA VENDA,Ua 19499*,3065,30,41.44,-8.08
TAPADA  DA VENDA,CSIC 1830,3057,30,41.44,-8.08
CABEZOS VIEJOS,KIK 2101/KIA 16290*,3055,30,38.12,-1.28
SENHORA DA OUVIDA 7,CSIC 1248,3050,33,40.95,-7.9
CACHOU«A,Sac 1502,3060,45,39.97,-7.23
ALEGRIOS,GrN 16840,3055,55,40.07,-7.13
PORTECELO,CSIC 744,3050,50,41.95,-8.88
MORA- CERRO DE LA,UGRA 283,3030,80,37.21,-3.98
PARANHO,GrN 22445,3020,80,40.54,-8.09
A LAGOA,CSIC 900,3040,50,43,-7.98
ARQUINHA DA MOURA,GrA 9575*,3030,50,40.51,-8.01
ZAMBUJEIRO 4,Beta 196093,3040,40,38.77,-8.23
LLANETE DE LOS MOROS,CSIC 625,3020,50,38.02,-4.38
LLANETE DE LOS MOROS,CSIC 1757,3034,42,38.02,-4.38
COBATILLAS LA VIEJA,CSIC 376,3010,50,38.06,-1.06
COBATILLAS LA VIEJA,CSIC 377,3010,50,38.06,-1.06
EL CARAMBOLO,CSIC 1981,3026,39,37.39,-6.07
CHAO SAMARTIN,CSIC 1543,3023,40,43.2,-6.93
SAO JULIAO,ICEN 25,3010,35,41.69,-8.39
SAO JULIAO,ICEN 54,3030,80,41.69,-8.39
MURVIEDRO,KIK 3945/ KIA 29173*,3005,30,37.68,-1.71
LLANETE DE LOS MOROS,CSIC 794,3020,60,38.02,-4.38
MONTE DO TRIGO,Sac 1458,3020,60,39.93,-7.19
LOS CIPRESES,KIK 1476/ KIA 11227*,3000,45,37.65,-1.73
TAPADA DA AJUDA,ICEN 100,3000,40,38.71,-9.18
MONTE BURUNTZA,Ua 231-0*,3000,60,43.24,-2.02
COFRESNEDO-  CUEVA DE,GrA 20269*,3000,60,43.32,-3.6
ANTELAS,GrA 5418*,5090,50,40.71,-8.24
SANGRINO,CSIC 1325,4951,31,41.02,-7.45
LOS CASTILLEJOS,Ua 36206,5265,45,37.33,-3.97
NERJA- CUEVA DE,Beta 195998,5760,40,36.76,-3.84
NERJA- CUEVA DE,Beta 193268,6000,40,36.76,-3.84
NERJA- CUEVA DE,Beta 168972,5789,40,36.76,-3.84
MURCIELAGOS- CUEVA DE LOS,CSIC 1132,5861,48,36.8,-3.19
HERRIKO BARRA,Ua 4821*,5960,95,43.28,-2.18
PERDIGOES,Beta 315242*,4450,30,38.44,-7.55
PERDIGOES,Beta 318359*,4390,30,38.44,-7.55
PERDIGOES,Beta 315723*,3820,30,38.44,-7.55
PERDIGOES,Beta 315725*,3890,30,38.44,-7.55
PERDIGOES,Beta 315717*,3980,30,38.44,-7.55
LAS MESAS,CNA 763,4255,45,38.57,-6.5
VENTA DEL RAPA ,Ua 40755,3937,33,37.82,-3.6
VENTA DEL RAPA ,Ua 40757,3862,30,37.82,-3.6
VENTA DEL RAPA ,Ua 40756,3765,30,37.82,-3.6
VENTA DEL RAPA ,Ua 40759,3757,30,37.82,-3.6
EL BARRANQUETE,CNA 2410,3785,35,36.84,-2.21
EL BARRANQUETE,CNA 2409,3625,40,36.84,-2.21
LUGAR DO CANTO,Beta 276510,4720,40,39.47,-8.87
LUGAR DO CANTO,Wk  30212,4772,30,39.47,-8.87
LUGAR DO CANTO,Wk  30210,4819,32,39.47,-8.87
EL BARRANQUETE,CNA 2408,3860,35,36.84,-2.21
EL BARRANQUETE,CNA 2405,3925,35,36.84,-2.21
LUGAR DO CANTO,Sac 2710,5000,60,39.47,-8.87
EL BARRANQUETE,CNA 2404,3865,35,36.84,-2.21
LUGAR DO CANTO,Beta 276509,4770,40,39.47,-8.87
LUGAR DO CANTO,Wk  30208,4742,34,39.47,-8.87
EL BARRANQUETE,CNA 2407,3860,35,36.84,-2.21
LUGAR DO CANTO,Wk  30211,4733,29,39.47,-8.87
CERRO VIRTUD,OxA 6580*,5840,80,37.27,-1.8
LUGAR DO CANTO,Wk  30209,4849,29,39.47,-8.87
EL BARRANQUETE,CNA 2411,3830,35,36.84,-2.21
EL BARRANQUETE,CNA 2406,3730,35,36.84,-2.21
EL BARRANQUETE,CNA 2412,3120,35,36.84,-2.21
CASTELLON ALTO,Ua 37882,3630,50,37.45,-3.28
CERRO DE LA VIRGEN ,Ua 39417*,3401,30,37.73,-2.51
CERRO DE LA VIRGEN ,Ua 39418*,3326,30,37.73,-2.51
PERDIGOES,Beta 308784*,3900,30,38.44,-7.55
PERDIGOES,Beta 308785*,3970,30,38.44,-7.55
PERDIGOES,Beta 313720*,3850,30,38.44,-7.55
PERDIGOES,Beta 313721*,4000,40,38.44,-7.55
PERDIGOES,Beta 317750*,4030,40,38.44,-7.55
PERDIGOES,Beta 317748*,4060,30,38.44,-7.55
PERDIGOES,Beta 308789*,3840,30,38.44,-7.55
PERDIGOES,Beta 308791*,4090,30,38.44,-7.55
PERDIGOES,Beta 308792*,3890,30,38.44,-7.55
PERDIGOES,Beta 308793*,3970,30,38.44,-7.55
PERDIGOES,Beta 317747*,4130,30,38.44,-7.55
S√O PAULO 2,UBAR 630,3870,70,38.68,-9.16
EL SILILLO,Ua 35081,3980,40,37.11,-4.55
EL SILILLO,Ua 35082,3965,40,37.11,-4.55
EL SILILLO,Ua 35080,3775,40,37.11,-4.55
VENTA DEL RAPA ,Ua 40745,3875,31,37.82,-3.6
VENTA DEL RAPA ,Ua 40748,3836,30,37.82,-3.6
VENTA DEL RAPA ,Ua 40747,3830,31,37.82,-3.6
VENTA DEL RAPA ,Ua 40746,3829,30,37.82,-3.6
VENTA DEL RAPA ,Ua 40749,3796,30,37.82,-3.6
VENTA DEL RAPA ,Ua 40751,3786,33,37.82,-3.6
VENTA DEL RAPA ,Ua 40750,3782,33,37.82,-3.6
VENTA DEL RAPA ,Ua 40754,3728,30,37.82,-3.6
VENTA DEL RAPA ,Ua 40758,3688,30,37.82,-3.6
VENTA DEL RAPA ,Ua 40753,3650,30,37.82,-3.6
VENTA DEL RAPA ,Ua 40752,3575,30,37.82,-3.6
PERDIGOES,Beta 315721*,3840,30,38.44,-7.55
PERDIGOES,Beta 315720*,3860,30,38.44,-7.55
PERDIGOES,Beta 315719*,3780,30,38.44,-7.55
PERDIGOES,Beta 304756*,4470,30,38.44,-7.55
MARIZULO,Ua 10375*,5235,50,43.22,-1.97
PERDIGOES,Beta 304757*,4390,30,38.44,-7.55
PERDIGOES,Beta 315716*,3770,30,38.44,-7.55
PERDIGOES,Beta 315718*,4060,30,38.44,-7.55
PERDIGOES,Beta 315722*,3890,30,38.44,-7.55
CASTELO BELINHO,Wk 28637,5485,35,37.19,-8.54
CASTELO BELINHO,Wk 28635,5441,34,37.19,-8.54
CASTELO BELINHO,Wk 28634,5267,34,37.19,-8.54
CASTELO BELINHO,Wk 28001,5436,32,37.19,-8.54
CASTELO BELINHO,Wk 27999,5444,30,37.19,-8.54
CASTELO BELINHO,Wk-28636,5529,35,37.19,-8.54
CASTELO BELINHO,Wk-28002,5536,32,37.19,-8.54
CASTELO BELINHO,Wk-28000,5662,32,37.19,-8.54
CERRO VIRTUD,Beta 90884,5660,80,37.27,-1.8
NERJA- CUEVA DE,Beta 193265,5050,40,36.762041N,-3.84
LAS MINITAS,Beta 68668,3430,50,38.7,-6.4
TESORILLO DE LA LLANA,GrN 26475,3250,50,36.71,-4.86
TESORILLO DE LA LLANA,GrN 26488,3250,40,36.71,-4.86
TESORILLO DE LA LLANA,GrA 37339,4055,35,36.71,-4.86
